1497620215376,stratigos
1497620215376,NigelEarle
1497620215376,victorperin
1497620215376,fmoliveira
1497620215376,xmpf
1497620215376,leonascimento
1497620215376,katbow
1497620215376,Jessica7
1497620215376,beardfacebo
1497620215376,oemdaro
1497620215376,Grenoblois
1497620215376,zzhakupov
1497620215376,forgivethefool
1497620215376,jwcastillo
1497620215376,ryuheechul
1497620215376,Danwhy
1497620215376,hzbadr
1497620215376,njsfield
1497620215376,smuemd
1497620215376,michael-k
1497620215376,JoseMCO
1497620215376,pgom
1497620215376,Cleop
1497620215376,YvesMuyaBenda
1497620215376,sohilpandya
1497620215376,alpanayotov
1497620215376,truonglvx
1497620215376,jackmac92
1497620215376,jruts
1497620215376,markwilliamfirth
1497620215376,RipleyLudicrous1979
1497620215376,jsms90
1497620215376,shouston3
1497620215376,newswim
1497620215376,yolt
1497620215376,Phonbopit
1497620215376,mk4111
1497620215376,quiet324
1497620215376,collegeimprovements
1497620215376,charlenopires
1497620215376,florinpatrascu
1497620215376,hyprstack
1497620215376,nickbytes
1497620215376,sofiapoh
1497620215376,onlurking
1497620215376,mhaidarh
1497620215376,JoseCage
1497620215376,gabrielperales
1497620215376,SimonLab
1497620215376,edwardcodes
1497620215376,alephmelo
1497620215376,iteles
1497620215376,otajor
1497620215376,nelsonic
