1497620215376,ravikp7
1497620215376,gadzhimari
1497620215376,andreepratama27
1497620215376,tiaghoalves
1497620215376,vulcangz
1497620215376,jaskiratr
1497620215376,benhurott
1497620215376,lufvilla
1497620215376,Aniket965
1497620215376,arshdkhn1
1497620215376,ankeetmaini
1497620215376,mbj36
1497620215376,davebeach
1497620215376,WilliamOnVoyage
1497620215376,nathunsmitty
1497620215376,hahuutin
1497620215376,techmexdev
1497620215376,Respekt1
1497620215376,jsun98
1497620215376,michelefenu
1497620215376,liammcmurray
1497620215376,tejasrsuthar
1497620215376,jweboy
1497620215376,danielfsousa
1497620215376,gedeagas
1497620215376,MurWade
1497620215376,marius92mc
1497620215376,ankur-gupta
1497620215376,dikyarga
1497620215376,thibaultboursier
1497620215376,itzrahulsoni
1497620215376,fresh5447
1497620215376,DingDean
1497620215376,cardotrejos
1497620215376,MichaelErmer
1497620215376,VictorCoder123
1497620215376,ifeature
1497620215376,viterbox
1497620215376,niktekusho
1497620215376,alexrosenkranz
1497620215376,leopaglia
1497620215376,msachi
1497620215376,kfern
1497620215376,ManrajGrover
1497620215376,Samatar26
1497620215376,cezarlz
1497620215376,Amrithasuresh
1497620215376,ravshansbox
1497620215376,FreakDev
1497620215376,aryasadeghy
1497620215376,limbobark
1497620215376,tkdn
1497620215376,nicobevilacqua
1497620215376,tjfamodu
1497620215376,tuannvm
1497620215376,joeylouise
1497620215376,yvonne-liu
1497620215376,davieghost
1497620215376,joejingojack
1497620215376,DCLAN
1497620215376,ajmas
1497620215376,baldwmic
1497620215376,markwilliamfirth
1497620215376,RipleyLudicrous1979
1497620215376,ONS-Tom
1497620215376,Y-LyN-10
1497620215376,iSpring
1497620215376,dimkirt
1497620215376,Unicornelia
1497620215376,iblasquez
1497620215376,neilharia7
1497620215376,dhduc
1497620215376,yash-nisar
1497620215376,jdiegogonzales
1497620215376,HienNguyen711
1497620215376,AleshaOleg
1497620215376,mmdsharifi
1497620215376,muhtarudinsiregar
1497620215376,davidalves1
1497620215376,psicotropicos
1497620215376,diogomoretti
1497620215376,geoyws
1497620215376,exequiel09
1497620215376,jonnyhaynes
1497620215376,AniMysore74
1497620215376,girikuncoro
1497620215376,gungunfebrianza
1497620215376,nickccm1122
1497620215376,andy9775
1497620215376,jsantiagoh
1497620215376,raymelon
1497620215376,DaveDH2
1497620215376,b0n0n
1497620215376,tziporaziegler
1497620215376,Santiago-vdk
1497620215376,jsms90
1497620215376,jakubjodelka
1497620215376,onegrx
1497620215376,Padhh
1497620215376,2201pandey
1497620215376,Vitormdias
1497620215376,qeesung
1497620215376,quiet324
1497620215376,vohzd
1497620215376,everthis
1497620215376,Bnic3
1497620215376,abhishekjairath
1497620215376,duaraghav8
1497620215376,Oluwasetemi
1497620215376,CruiseDevice
1497620215376,tool-jx3
1497620215376,deadcoder0904
1497620215376,szhangpitt
1497620215376,CyberKronos
1497620215376,vsarpe
1497620215376,jordanbrauer
1497620215376,anilpai
1497620215376,kevinrambaud
1497620215376,sergiokopplin
1497620215376,joshuapena
1497620215376,martiros
1497620215376,yuguo
1497620215376,pat-s
1497620215376,jferrettiboke
1497620215376,matteocng
1497620215376,shouston3
1497620215376,sandropucp
1497620215376,wildcard
1497620215376,sequoiar
1497620215376,ryanpoplin
1497620215376,thakkaryash94
1497620215376,elevenlee11
1497620215376,J2TeaM
1497620215376,EvanGoss
1497620215376,JoseCage
1497620215376,PUSRISTEK
1497620215376,derick-montague
1497620215376,fredyrincon
1497620215376,ZsIsMe
1497620215376,jakedex
1497620215376,nikolenkoanton92
1497620215376,nickfletcher
1497620215376,jsuero
1497620215376,matthewjberger
1497620215376,starlightyear
1497620215376,adamruul
1497620215376,tthoraldson
1497620215376,marcellefter
1497620215376,takwas
1497620215376,CuriousLearner
1497620215376,diegofaria
1497620215376,sourvil
1497620215376,oseau
1497620215376,aengusbates
1497620215376,jbw91
1497620215376,danielruswick
1497620215376,wxyudl
1497620215376,MarckK
1497620215376,Ananasr
1497620215376,ellerbrock
1497620215376,rakeen
1497620215376,NexZhu
1497620215376,Eman-Shaaban
1497620215376,mooniker
1497620215376,lucasbento
1497620215376,coxjc
1497620215376,DNguyen17
1497620215376,keepcurrent
1497620215376,frosit
1497620215376,khwilo
1497620215376,preco21
1497620215376,suzujun
1497620215376,fernandoguedes
1497620215376,aburgd
1497620215376,bernardoporto
1497620215376,ivernaloo
1497620215376,twhite96
1497620215376,PeterChauYEG
1497620215376,josecolella
1497620215376,markoch
1497620215376,medmond78
1497620215376,h503031807
1497620215376,Anzumana
1497620215376,mhaidarh
1497620215376,lex111
1497620215376,jameskolce
1497620215376,cameronroe
1497620215376,ethanrubio
1497620215376,wshirey
1497620215376,VincentWen
1497620215376,beader
1497620215376,jpsc
1497620215376,Kablex
1497620215376,byr-gdp
1497620215376,jacenko
1497620215376,mckennapsean
1497620215376,peterma
1497620215376,jiep
1497620215376,davidenq
1497620215376,wojciechAdaszynski
1497620215376,huyle333
1497620215376,isomoar
1497620215376,austinjkovach
1497620215376,macalinao
1497620215376,dawsbot
1497620215376,Em01
1497620215376,irff
1497620215376,Balatzar
1497620215376,ianstalter123
1497620215376,joaocunha
1497620215376,Algram
1497620215376,halvves
1497620215376,corysimmons
1497620215376,dpkshrma
1497620215376,p0o
1497620215376,mrprompt
1497620215376,RonanC
1497620215376,j0shua
1497620215376,sandrinodimattia
1497620215376,fprieur
1497620215376,soyelmnd
1497620215376,georapbox
1497620215376,christiansakai
1497620215376,tdtrung17693
1497620215376,arslanbilal
1497620215376,wootsaejao
1497620215376,maboiteaspam
1497620215376,rmnblm
1497620215376,fafnirical
1497620215376,richardhughes
1497620215376,gavioto
1497620215376,manojjsm
1497620215376,onesuper
1497620215376,gamontalvo
1497620215376,512vincent
1497620215376,geraldchecka
1497620215376,joymon
1497620215376,imyelo
1497620215376,angusshire
1497620215376,Wen777
1497620215376,Javascipt
1497620215376,AlejoJamC
1497620215376,robertodr
1497620215376,bast
1497620215376,welksonramos
1497620215376,robotomize
1497620215376,sohilpandya
1497620215376,katkelemen
1497620215376,JoaoManoel
1497620215376,thegsi
1497620215376,Jbarget
1497620215376,heron2014
1497620215376,shardool
1497620215376,leoalmig
1497620215376,lucasviola
1497620215376,claudioquaglia
1497620215376,kyleladd
1497620215376,xxryan1234
1497620215376,IgorVieira
1497620215376,nicholasess
1497620215376,willianjusten
1497620215376,gabrielperales
1497620215376,yolt
1497620215376,sbuys
1497620215376,JuanCrg90
1497620215376,adrianblynch
1497620215376,nodeco
1497620215376,fmoliveira
1497620215376,DarkScorpion
1497620215376,andrevvalle
1497620215376,piecioshka
1497620215376,okize
1497620215376,zrei
1497620215376,ngub
1497620215376,brucealex
1497620215376,VovikeMS
1497620215376,ManasaKotra
1497620215376,yson
1497620215376,edwardcodes
1497620215376,brezal
1497620215376,PetrKohut
1497620215376,brunodles
1497620215376,pauleustice
1497620215376,lnickers2004
1497620215376,Salihan04
1497620215376,normful
1497620215376,GBGuinan
1497620215376,brownman
1497620215376,matteocrippa
1497620215376,eabait
1497620215376,nelsonic
1497620215376,intool
1497620215376,duivvv
1497620215376,capaj
1497620215376,peterlnguyen
1497620215376,HTMLrat
1497620215376,byoigres
1497620215376,iteles
1497620215376,ChunHungLiu
1497620215376,KevinLaRosa
1497620215376,ajduke
1497620215376,coalman
1497620215376,marg51
1497620215376,hegdeashwin
1497620215376,trabus
1497620215376,Melros
1497620215376,aj34
1497620215376,leecade
1497620215376,joeoravec
1497620215376,jagreehal
1497620215376,anasnakawa
1497620215376,mundizzle
1497620215376,devfacet
1497620215376,xala3pa
1497620215376,lnsoso
