1497620215376,imsheth
1497620215376,Jolg42
1497620215376,cbodtorf
1497620215376,dikyarga
1497620215376,m4v15
1497620215376,zzhakupov
1497620215376,madeleinel
1497620215376,Rambou
1497620215376,ryanedwardrush
1497620215376,pinpointpanda
1497620215376,miccferr
1497620215376,skibinska
1497620215376,ravshansbox
1497620215376,lholznagel
1497620215376,mbach04
1497620215376,dliv
1497620215376,markwilliamfirth
1497620215376,Erkaman
1497620215376,kaosat-dev
1497620215376,frapfi
1497620215376,spookyUnknownUser
1497620215376,florido
1497620215376,MorleyB
1497620215376,YoHoJo
1497620215376,rifaavalon
1497620215376,quiet324
1497620215376,nodexo
1497620215376,JoseCage
1497620215376,everthis
1497620215376,Homa
1497620215376,mhaidarh
1497620215376,chenfanggm
1497620215376,Kbman99
1497620215376,sachsy
1497620215376,gamontalvo
1497620215376,arpit1997
1497620215376,faizankshaikh
1497620215376,analyticalmonk
1497620215376,Evgenyoliver
1497620215376,YangVincent
1497620215376,houssemzaier
1497620215376,eiriklv
1497620215376,daymos
1497620215376,rakeen
1497620215376,gabrielperales
1497620215376,jaredreich
1497620215376,michael4reynolds
1497620215376,Harishwar
1497620215376,kqlee
1497620215376,zapatran
1497620215376,elrumordelaluz
1497620215376,tung-dang
1497620215376,ivernaloo
1497620215376,JamesGu14
1497620215376,cameronroe
1497620215376,alexdrans
1497620215376,josecolella
1497620215376,tu6619
1497620215376,ryanpcmcquen
1497620215376,thebergamo
1497620215376,bourdeau
1497620215376,irahulsingh
1497620215376,yolt
1497620215376,mrbgit
1497620215376,carloscasalar
1497620215376,tsop14
1497620215376,tormod17
1497620215376,naazy
1497620215376,Jbarget
1497620215376,katkelemen
1497620215376,da-vaibhav
1497620215376,nodeco
1497620215376,edwardcodes
1497620215376,bplabombarda
1497620215376,poeticninja
1497620215376,iteles
1497620215376,nelsonic
