1497620215376,tanken
1497620215376,marcoroganovic
1497620215376,ravshansbox
1497620215376,wuworkshop
1497620215376,markwilliamfirth
1497620215376,AdrieanKhisbe
1497620215376,angusshire
1497620215376,robotomize
1497620215376,rankun203
1497620215376,ladanazita
1497620215376,jalcine
1497620215376,da-vaibhav
1497620215376,nodeco
1497620215376,yolt
1497620215376,getive
1497620215376,fmoliveira
1497620215376,muntasirsyed
1497620215376,iteles
1497620215376,duncanawerbuck
1497620215376,msmichellegar
1497620215376,nikhilaravi
1497620215376,SimonLab
1497620215376,a1ip
1497620215376,gernotstarke
1497620215376,rucka
1497620215376,edwardcodes
1497620215376,intool
1497620215376,eabait
1497620215376,rosterloh
1497620215376,nelsonic
