1497620115009,mattlub
1497620115009,finnhodgkin
1497620115009,ZooeyMiller
1497620115009,nogainbar
1497620115009,YvesMuyaBenda
1497620115009,Grenoblois
1497620115009,UgurAldanmaz
1497620115009,NE-SmallTown
1497620115009,barbagrigia
1497620115009,tunnckoCore
1497620115009,Cleop
1497620115009,RipleyLudicrous1979
1497620115009,markwilliamfirth
1497620115009,njsfield
1497620115009,rug1
1497620115009,newswim
1497620115009,msachi
1497620115009,harrygfox
1497620115009,Jwhiles
1497620115009,SimonLab
1497620115009,jrans
1497620115009,sohilpandya
1497620115009,des-des
1497620115009,daymos
1497620115009,cwonrails
1497620115009,gabrielperales
1497620115009,bradreeder
1497620115009,katbow
1497620115009,ryanpcmcquen
1497620115009,Charlotteis
1497620115009,RobStallion
1497620115009,mrmrs
1497620115009,NataliaLKB
1497620115009,Conorc1000
1497620115009,roryc89
1497620115009,naazy
1497620115009,JMurphyWeb
1497620115009,carolrmc
1497620115009,quiet324
1497620115009,mk4111
1497620115009,mhaidarh
1497620115009,shouston3
1497620115009,onlurking
1497620115009,JoseCage
1497620115009,yolt
1497620115009,jackcarlisle
1497620115009,iteles
1497620115009,edwardcodes
1497620115009,fmoliveira
1497620115009,nelsonic
