1497620215376,nelsonic
1497620215376,iteles
1497620215376,edwardcodes
1497620215376,sohilpandya
1497620215376,sofer
1497620215376,katkelemen
1497620215376,benjaminlees
1497620215376,FilWisher
1497620215376,jackcarlisle
1497620215376,minaorangina
1497620215376,msmichellegar
1497620215376,naazy
1497620215376,Jbarget
1497620215376,Conorc1000
1497620215376,mk4111
1497620215376,des-des
1497620215376,thegsi
1497620215376,tunnckoCore
1497620215376,tonydaly
1497620215376,beechware
1497620215376,tsop14
1497620215376,JoeTanner
1497620215376,Virginie-T
1497620215376,JackTierney
1497620215376,harrygfox
1497620215376,gangstead
1497620215376,ronanyeah
1497620215376,quiet324
1497620215376,Charlotteis
