1497620215376,markwilliamfirth
1497620215376,quiet324
1497620215376,RobStallion
1497620215376,izaakrogan
1497620215376,naazy
1497620215376,angusshire
1497620215376,fmoliveira
1497620215376,timruffles
1497620215376,tunnckoCore
1497620215376,xhs
1497620215376,mpfeil
1497620215376,feross
1497620215376,adamelso
1497620215376,edwardcodes
1497620215376,nodeco
1497620215376,iteles
1497620215376,nneves
1497620215376,msmichellegar
1497620215376,NataliaLKB
1497620215376,nikhilaravi
1497620215376,Neats29
1497620215376,SimonLab
1497620215376,nelsonic
