1497620115009,Falieson
1497620115009,Jolg42
1497620115009,fescate
1497620115009,bradstewart
1497620115009,toryburgett
1497620115009,aamorozov
1497620115009,ritz078
1497620115009,abhimanyu1289
1497620115009,sjimenez77
1497620115009,VimalRaj571
1497620115009,MouhamedAymen
1497620115009,oemdaro
1497620115009,ivannieto
1497620115009,markwilliamfirth
1497620115009,kaosat-dev
1497620115009,AnianZ
1497620115009,smecnarowski
1497620115009,quiet324
1497620115009,JoseCage
1497620115009,mhaidarh
1497620115009,hyprstack
1497620115009,thakkaryash94
1497620115009,marwanhilmi
1497620115009,dhigginbotham
1497620115009,sandeepl337
1497620115009,samyk
1497620115009,gabrielperales
1497620115009,mrprompt
1497620115009,davidenq
1497620115009,LasaleFamine
1497620115009,SathishGajendran
1497620115009,amilajack
1497620115009,MarckK
1497620115009,uehondor
1497620115009,cameronroe
1497620115009,dietrich-stein
1497620115009,irahulsingh
1497620115009,yolt
1497620115009,esdee-git
1497620115009,dpaez
1497620115009,carloscasalar
1497620115009,Jbarget
1497620115009,RachBLondon
1497620115009,tormod17
1497620115009,naazy
1497620115009,katkelemen
1497620115009,da-vaibhav
1497620115009,tunnckoCore
1497620115009,iteles
1497620115009,nodeco
1497620115009,edwardcodes
1497620115009,SimonLab
1497620115009,liyi1234
1497620115009,nelsonic
