1497620115009,mhattori
1497620115009,bmontalvo
1497620115009,praveenKajla
1497620115009,pakhuong
1497620115009,aakritishroff
1497620115009,ConchobarMacNessa
1497620115009,jsms90
1497620115009,botraunak
1497620115009,hxrrera
1497620115009,dublicator
1497620115009,nicoFuccella
1497620115009,kaustubhhiware
1497620115009,PiotrBerebecki
1497620115009,DWangHua
1497620115009,jhwheeler
1497620115009,liberium
1497620115009,pololee
1497620115009,briankoey
1497620115009,glockjt
1497620115009,chourobin
1497620115009,ahsansher
1497620115009,bmkmanoj
1497620115009,hades217
1497620115009,josephdburdick
1497620115009,vnbhattarai
1497620115009,zzhakupov
1497620115009,manjitkumar
1497620115009,mugan86
1497620115009,Kaizeras
1497620115009,smarquez1
1497620115009,agustif
1497620115009,Johnnycus
1497620115009,orange727
1497620115009,jkd65
1497620115009,vitakrya
1497620115009,Arraibo
1497620115009,ravshansbox
1497620115009,dakong
1497620115009,Seasons123
1497620115009,milangupta511
1497620115009,onebree
1497620115009,SherryH
1497620115009,simpleneutrino
1497620115009,acomito
1497620115009,she-dev
1497620115009,markwilliamfirth
1497620115009,pablodenadai
1497620115009,khubo
1497620115009,ManuCiao
1497620115009,newswim
1497620115009,sbalay
1497620115009,karland
1497620115009,dhavalchaudhary
1497620115009,msachi
1497620115009,JoseCage
1497620115009,skibinska
1497620115009,emilyb7
1497620115009,SavageWilliam
1497620115009,jkao
1497620115009,ricardoorellana
1497620115009,ivannieto
1497620115009,Jeff-Eu
1497620115009,mansisce
1497620115009,baojjeu
1497620115009,bookcaseballpen
1497620115009,sourcepirate
1497620115009,bunnyM
1497620115009,bapinney
1497620115009,eugrdn
1497620115009,shiv86
1497620115009,coderitual
1497620115009,IIaJIeHo
1497620115009,vanoode
1497620115009,megantaylor
1497620115009,deadcoder0904
1497620115009,ef37
1497620115009,nathanebel
1497620115009,superboonie
1497620115009,bjornlarus
1497620115009,Widcket
1497620115009,deonna
1497620115009,perveziqbal
1497620115009,thiagoterleski
1497620115009,jzntam
1497620115009,haoranw
1497620115009,elkamondo
1497620115009,designviacode
1497620115009,saravntbe
1497620115009,davebro
1497620115009,LasaleFamine
1497620115009,connor11528
1497620115009,rouzazari
1497620115009,rhiokim
1497620115009,odyss009
1497620115009,joeyguo
1497620115009,rifler
1497620115009,muneef
1497620115009,zackharley
1497620115009,Seabsaye
1497620115009,CoteViande
1497620115009,alexleventer
1497620115009,favarete
1497620115009,phanhoangloc
1497620115009,felikjunvianto
1497620115009,Vinchenso
1497620115009,NouranMahmoud
1497620115009,MervynFang
1497620115009,perborgen
1497620115009,oluoluoxenfree
1497620115009,mrmons
1497620115009,excalliburbd
1497620115009,vmlinz
1497620115009,baldwmic
1497620115009,bresson
1497620115009,rromanovsky
1497620115009,mikestaub
1497620115009,bhushanjawle
1497620115009,gabemartinez
1497620115009,sandeep45
1497620115009,nupurkapoor
1497620115009,areinmeyer
1497620115009,chiterojr
1497620115009,sekharp
1497620115009,dmfrank
1497620115009,lala-beaver21
1497620115009,denzo
1497620115009,spacegiant
1497620115009,sce
1497620115009,g33kidd
1497620115009,tariqgm
1497620115009,dyygtfx
1497620115009,gihrig
1497620115009,marcelaraujo
1497620115009,eiriklv
1497620115009,xenturi0n
1497620115009,johnnyeric
1497620115009,micfunk
1497620115009,chaks7
1497620115009,qawemlilo
1497620115009,AgtLucas
1497620115009,awesomeaniruddh
1497620115009,nguyenhung
1497620115009,anhtaiH
1497620115009,Dauth
1497620115009,h503031807
1497620115009,ColdMonkey
1497620115009,jlsync
1497620115009,andrewmcnamara
1497620115009,tung-dang
1497620115009,jintoppy
1497620115009,joseluisq
1497620115009,pankajpatel
1497620115009,kaoussi
1497620115009,bcooke
1497620115009,stateoflux
1497620115009,robertchengzy
1497620115009,mitchbox
1497620115009,kwnccc
1497620115009,DanCouper
1497620115009,meiwhu
1497620115009,oakultra
1497620115009,cameronroe
1497620115009,Jerry-Lau
1497620115009,augusto-altman
1497620115009,haitch
1497620115009,samarpanda
1497620115009,nfabian13
1497620115009,gAdrev
1497620115009,jallens
1497620115009,ZiedKhe
1497620115009,f00bard
1497620115009,Jeseeq
1497620115009,norbertbilbeny
1497620115009,patryknowak
1497620115009,akbaryu
1497620115009,erikajon
1497620115009,joshpitzalis
1497620115009,joshmanders
1497620115009,andrewMacmurray
1497620115009,Archimidis
1497620115009,magoragit
1497620115009,olivierandriessen
1497620115009,njir
1497620115009,jeffreyrhuang
1497620115009,bfdill
1497620115009,mtakac
1497620115009,sandrinodimattia
1497620115009,MrOutis
1497620115009,corzej
1497620115009,axpro
1497620115009,paulstefanday
1497620115009,sunny-g
1497620115009,deciob
1497620115009,PriyankGahtori
1497620115009,RachBLondon
1497620115009,klauskohut
1497620115009,vieks
1497620115009,tormod17
1497620115009,ShiXiaoyYu
1497620115009,hidcliff
1497620115009,creatifyme
1497620115009,OttlikG
1497620115009,metainfa
1497620115009,themotu
1497620115009,futurist
1497620115009,followfork
1497620115009,idmontie
1497620115009,Jbarget
1497620115009,linonetwo
1497620115009,scootcho
1497620115009,delesseps
1497620115009,ajmchambers
1497620115009,martgnz
1497620115009,moklick
1497620115009,deepalma
1497620115009,mayuelei66
1497620115009,margoussian
1497620115009,arthow4n
1497620115009,dpastoor
1497620115009,zce
1497620115009,nelsonic
1497620115009,jerry-i
1497620115009,reacher-lu
1497620115009,mjsisley
1497620115009,BetaRabbit
1497620115009,231907786
1497620115009,summarychm
1497620115009,7rulnik
1497620115009,felixexter
1497620115009,vomchik
1497620115009,klikstermkd
1497620115009,htaox
1497620115009,Alex0007
1497620115009,JayFliz
1497620115009,petehouston
1497620115009,whitecolor
1497620115009,sjonner
1497620115009,RickyLin
1497620115009,emilong
1497620115009,cengizdilber
1497620115009,geoffakens
1497620115009,Antibioticvz
1497620115009,davidebettio
1497620115009,bjrmatos
1497620115009,jbarson
1497620115009,fradovan
1497620115009,mikechau
1497620115009,thomasdegry
1497620115009,osmelmora
1497620115009,kyoken74
1497620115009,Michal-Miky-Jankovsky
1497620115009,dsacramone
1497620115009,flywithmemsl
1497620115009,searchablue
1497620115009,alaneng
1497620115009,kristerkari
1497620115009,dgdavid
1497620115009,LucaDb
1497620115009,daviwil
1497620115009,brianwdunlap
1497620115009,Smiter
1497620115009,dvalchanov
1497620115009,f14c0
1497620115009,sammyteahan
1497620115009,shuaibiyy
1497620115009,polacekpavel
1497620115009,joaocunha
1497620115009,davidkpiano
1497620115009,paulkogel
1497620115009,bganicky
1497620115009,nhterry
1497620115009,cagarweyne
1497620115009,arzyu
1497620115009,dennishn
1497620115009,clinyong
1497620115009,maoabc1818
1497620115009,shoebmogal
1497620115009,MofeLee
1497620115009,KevinOfNeu
1497620115009,hermanzhu
1497620115009,tdillan
1497620115009,karlhorky
1497620115009,taiansu
1497620115009,yutingzhao1991
1497620115009,dolymood
1497620115009,asvny
1497620115009,lubezhang
1497620115009,Folyd
1497620115009,horizon0514
1497620115009,ingf
1497620115009,cuitianze
1497620115009,yangfeiloveG
1497620115009,ruanyf
1497620115009,j0shua
1497620115009,des-des
1497620115009,mhaidarh
1497620115009,garmjs
1497620115009,wildcard
1497620115009,rafayepes
1497620115009,jrans
1497620115009,sublimino
1497620115009,robotomize
1497620115009,gabrielperales
1497620115009,fmoliveira
1497620115009,SimonLab
1497620115009,heron2014
1497620115009,sohilpandya
1497620115009,nikhilaravi
1497620115009,irahulsingh
1497620115009,Thinking80s
1497620115009,iteles
1497620115009,roryrjb
1497620115009,simongfxu
1497620115009,nodeco
1497620115009,yolt
1497620115009,edwardcodes
1497620115009,da-vaibhav
