1497620215376,SargeKhan
1497620215376,remarks
1497620215376,marcoroganovic
1497620215376,SarthakS93
1497620215376,drsherlock
1497620215376,Thunderbottom
1497620215376,ishan-marikar
1497620215376,tarunbod
1497620215376,trmml
1497620215376,adhywiranata
1497620215376,ravshansbox
1497620215376,yreenchan
1497620215376,aryasadeghy
1497620215376,thanley11
1497620215376,haruthuc
1497620215376,sofly
1497620215376,z4o4z
1497620215376,Matatama
1497620215376,mdhalim
1497620215376,emilyb7
1497620215376,MarcoNicolodi
1497620215376,ifvictr
1497620215376,markwilliamfirth
1497620215376,volash86
1497620215376,tedmothership
1497620215376,Robo-romeski
1497620215376,daniele-salvagni
1497620215376,vladgolubev
1497620215376,dhamaniasad
1497620215376,http91
1497620215376,yurm04
1497620215376,vinkris
1497620215376,quiet324
1497620215376,skia92
1497620215376,tdeschepper
1497620215376,astraluser
1497620215376,zhanglongtai
1497620215376,wesleybliss
1497620215376,ajalger
1497620215376,chackomathew
1497620215376,eosimosu
1497620215376,kingdaa
1497620215376,agileup
1497620215376,KierenBP
1497620215376,nrgapple
1497620215376,mitchellporter
1497620215376,danielruswick
1497620215376,zhang-yuan
1497620215376,gmartinezramirez
1497620215376,MarckK
1497620215376,gabrielperales
1497620215376,rhyw
1497620215376,hjgraca
1497620215376,sagaragarwal94
1497620215376,eiriklv
1497620215376,ltouro
1497620215376,kevinold
1497620215376,modestkdr
1497620215376,NexZhu
1497620215376,Phonbopit
1497620215376,mathjoy
1497620215376,fxrcode
1497620215376,Awk34
1497620215376,born2discover
1497620215376,ethanrubio
1497620215376,aferiat
1497620215376,katbow
1497620215376,Ayushverma8
1497620215376,al-ramadhan
1497620215376,khahantk
1497620215376,ahmgeek
1497620215376,mrphishxxx
1497620215376,joseluisq
1497620215376,tsm91
1497620215376,Kabishou
1497620215376,alexdrans
1497620215376,daymos
1497620215376,sfabriece
1497620215376,jorandradefig
1497620215376,ahmetoz
1497620215376,manjunathd
1497620215376,casoetan
1497620215376,wshirey
1497620215376,akbaryu
1497620215376,livelifelively
1497620215376,irijcken
1497620215376,AlejoJamC
1497620215376,Naramsim
1497620215376,futurist
1497620215376,rootty
1497620215376,showzyl
1497620215376,pantchox
1497620215376,ChauThan
1497620215376,mhaidarh
1497620215376,sachsy
1497620215376,philiplopez
1497620215376,hasinhayder
1497620215376,mugli
1497620215376,nfeldman
1497620215376,shanewwarren
1497620215376,brunoksato
1497620215376,bartvanremortele
1497620215376,charliemc
1497620215376,nruth
1497620215376,matteomartinelli
1497620215376,angusshire
1497620215376,csyangchsh
1497620215376,robotomize
1497620215376,RachBLondon
1497620215376,pierrenel
1497620215376,mahmoodmd
1497620215376,da-vaibhav
1497620215376,eniz
1497620215376,aredo
1497620215376,hardware
1497620215376,Xartok
1497620215376,FGRibreau
1497620215376,yolt
1497620215376,jalcine
1497620215376,SimonLab
1497620215376,adityasaxena
1497620215376,vitonzhang
1497620215376,adrianblynch
1497620215376,nodeco
1497620215376,itamarhaber
1497620215376,msmichellegar
1497620215376,beejhuff
1497620215376,Neats29
1497620215376,zachguo
1497620215376,nikhilaravi
1497620215376,shamsher31
1497620215376,edwardcodes
1497620215376,vassyz
1497620215376,iteles
1497620215376,nelsonic
