1497620115009,dubkrapht
1497620115009,ATM-SALEH
1497620115009,Remeic
1497620115009,samudary
1497620115009,edumerckx
1497620115009,andrewplan
1497620115009,Caesar73
1497620115009,mhn4work
1497620115009,R3oLoN
1497620115009,fescate
1497620115009,sujanstha
1497620115009,megataps
1497620115009,MarcoCFA
1497620115009,rferro
1497620115009,osmankincal
1497620115009,citypaul
1497620115009,alieslamifard
1497620115009,xgenvn
1497620115009,uggds
1497620115009,Samatar26
1497620115009,anya92
1497620115009,andela-odaniel
1497620115009,anshul9pi
1497620115009,IzayaFirst
1497620115009,Grenoblois
1497620115009,gadflying
1497620115009,karimsallam
1497620115009,mattshirtliffe
1497620115009,bplus
1497620115009,omniscient
1497620115009,grynienp
1497620115009,rayxia
1497620115009,saqing
1497620115009,Sparklet73
1497620115009,cardotrejos
1497620115009,minibugdev
1497620115009,joeylouise
1497620115009,PiotrBerebecki
1497620115009,oslvbo
1497620115009,arttuladhar
1497620115009,tk120404
1497620115009,ldong
1497620115009,smuemd
1497620115009,leijing7
1497620115009,allegewhd
1497620115009,jasonszhao
1497620115009,ClementDelaunay
1497620115009,aryasadeghy
1497620115009,tralphy
1497620115009,aykuttasil
1497620115009,cfirmo33
1497620215376,ppamorim
1497620215376,Kuchiriel
1497620215376,berakahlabs
1497620215376,amath
1497620215376,elmadah
1497620215376,abramenal
1497620215376,barbietunnie
1497620215376,ahemphill
1497620215376,zenwalk
1497620215376,capturecadet
1497620215376,wfoxd
1497620215376,mcchrish
1497620215376,zetaverse
1497620215376,ricsirigu
1497620215376,antoinemetifeu
1497620215376,sradvanski
1497620215376,newswim
1497620215376,amaurycatelan
1497620215376,martineboh
1497620215376,mhscapim
1497620215376,ChrisWphoto
1497620215376,fadec
1497620215376,rossedman
1497620215376,faghani
1497620215376,robman87
1497620215376,littleboss
1497620215376,subins
1497620215376,emanuelrosa
1497620215376,ifvictr
1497620215376,foranton
1497620215376,markwilliamfirth
1497620215376,CNBlackJ
1497620215376,volash86
1497620215376,ezralalonde
1497620215376,yortz
1497620215376,namuit
1497620215376,thirawutp
1497620215376,bamoo456
1497620215376,kandros
1497620215376,dittodhole
1497620215376,sagarparikh
1497620215376,ilyachenko
1497620215376,tompiarulli
1497620215376,dhamaniasad
1497620215376,dannyppaz
1497620215376,uilyam
1497620215376,iagomelanias
1497620215376,tlkh2311
1497620215376,JustinLien
1497620215376,cse031sust02
1497620215376,jwray
1497620215376,markhu
1497620215376,mustardamus
1497620215376,weisuoke
1497620215376,rebootd
1497620215376,Pygocentrus
1497620215376,inshideru
1497620215376,xadamy
1497620215376,alterx
1497620215376,stefholbrook
1497620215376,TylerKirkpatrick
1497620215376,AnianZ
1497620215376,ZZR-china
1497620215376,xudongcamsys
1497620215376,muhtarudinsiregar
1497620215376,zhenghua75
1497620215376,robotomize
1497620215376,styler
1497620215376,attomos
1497620215376,bcamacho
1497620215376,lanskey
1497620215376,vaucouleur
1497620215376,duycuong87vn
1497620215376,pminnieur
1497620215376,treyhuffine
1497620215376,2201pandey
1497620215376,vitortalaia
1497620215376,zhulin2609
1497620215376,pavl1
1497620215376,AlanHassen
1497620215376,quiet324
1497620215376,ktkization
1497620215376,omidh28
1497620215376,deadcoder0904
1497620215376,thibmaek
1497620215376,zhqy
1497620215376,JayFliz
1497620215376,wltgreenwood
1497620215376,vsarpe
1497620215376,nicodinh
1497620215376,gmanfredi
1497620215376,jqwel
1497620215376,pmadar
1497620215376,ellerbrock
1497620215376,jorgevalls23
1497620215376,pgom
1497620215376,pannz
1497620215376,freitasjuciel
1497620215376,RodrigoJacznik
1497620215376,reaneyk
1497620215376,andrew310
1497620215376,d3viant0ne
1497620215376,moogalin
1497620215376,firede
1497620215376,cse-tushar
1497620215376,robmcguinness
1497620215376,essxiv
1497620215376,robhorrigan
1497620215376,ssreekanth
1497620215376,AnnekaSillitoe
1497620215376,studevguy
1497620215376,louy2
1497620215376,bnjjj
1497620215376,jbpionnier
1497620215376,JoseCage
1497620215376,ryanmcintire
1497620215376,connor11528
1497620215376,gusgard
1497620215376,vitorbaptista
1497620215376,7fELF
1497620215376,jeffstieler
1497620215376,Y-LyN-10
1497620215376,padrisimo
1497620215376,BurntCaramel
1497620215376,michalkowol
1497620215376,Fraccaman
1497620215376,jkvora
1497620215376,AaronSum
1497620215376,amtruenorth
1497620215376,ToonDC
1497620215376,sandrinodimattia
1497620215376,shebinleo
1497620215376,nikolenkoanton92
1497620215376,lucasviola
1497620215376,Shridhad
1497620215376,LasaleFamine
1497620215376,larsbs
1497620215376,vmlinz
1497620215376,mrkidsan
1497620215376,jrutter
1497620215376,jvrdom
1497620215376,one-aalam
1497620215376,brunowego
1497620215376,developer-rakeshpaul
1497620215376,rafakato
1497620215376,IbnSaeed
1497620215376,jpalala
1497620215376,marcogbarcellos
1497620215376,kujeah
1497620215376,EmmaDeacon
1497620215376,eownis
1497620215376,jchatkinson
1497620215376,MarckK
1497620215376,nogainbar
1497620215376,AyumiKai
1497620215376,sachinsawant71
1497620215376,camerow
1497620215376,fouadkada
1497620215376,AndreVarandas
1497620215376,anaibol
1497620215376,prashaantt
1497620215376,leandrogrillo
1497620215376,ba55ie
1497620215376,eiriklv
1497620215376,yapjiaqing
1497620215376,ahmed1490
1497620215376,5plus5
1497620215376,hoanghiep
1497620215376,NexZhu
1497620215376,ethanrubio
1497620215376,oemdaro
1497620215376,nickleefly
1497620215376,jw84
1497620215376,pteich
1497620215376,JonSchapiro
1497620215376,LuisCDias
1497620215376,goodmind
1497620215376,kkochanski
1497620215376,108adams
1497620215376,samkelleher
1497620215376,ihorskyi
1497620215376,TheSuperFly
1497620215376,maielo
1497620215376,yereby
1497620215376,tiret
1497620215376,mbury
1497620215376,epik000
1497620215376,Shivang44
1497620215376,matteodelv
1497620215376,kevinnguy
1497620215376,jarontai
1497620215376,rkasula
1497620215376,n1arash
1497620215376,alejandronanez
1497620215376,andrewmile
1497620215376,dogrocker
1497620215376,garfbargle
1497620215376,tsm91
1497620215376,tosman
1497620215376,yson
1497620215376,judewang
1497620215376,Sturgelose
1497620215376,bjork24
1497620215376,august-zou
1497620215376,xemoe
1497620215376,ParthaBoocha
1497620215376,dvrylc
1497620215376,rpun
1497620215376,grajib23
1497620215376,getaclue
1497620215376,jameskolce
1497620215376,bulgakovk
1497620215376,robsonmafra
1497620215376,PetrKohut
1497620215376,akbaryu
1497620215376,faberyx
1497620215376,alexandre7
1497620215376,leftjs
1497620215376,chrisalcantara
1497620215376,nishtacular
1497620215376,renzosal
1497620215376,nikitasfrs
1497620215376,hzlmn
1497620215376,tezlopchan
1497620215376,tsevdos
1497620215376,tanmaypatel
1497620215376,sasharlemin
1497620215376,nwhitmont
1497620215376,agrimsingh
1497620215376,tinchoz49
1497620215376,shatgupt
1497620215376,divramod
1497620215376,fdvj
1497620215376,ryeegee
1497620215376,dpaez
1497620215376,imom39a
1497620215376,mattshaffer11
1497620215376,irijcken
1497620215376,tcelestino
1497620215376,mk4111
1497620215376,miknonny
1497620215376,otajor
1497620215376,BrandonRomano
1497620215376,cslysy
1497620215376,loiclaudet
1497620215376,alexandrupetrescu94
1497620215376,robbenmu
1497620215376,gaboesquivel
1497620215376,monofrio
1497620215376,Gattermeier
1497620215376,CClerville
1497620215376,ianstalter123
1497620215376,Tailzip
1497620215376,alexpertsev
1497620215376,ptzagk
1497620215376,philiplopez
1497620215376,voveph
1497620215376,piyushchauhan2011
1497620215376,iwasrobbed
1497620215376,waywaaard
1497620215376,yaempioy
1497620215376,rchan099
1497620215376,markandrewj
1497620215376,zayyarphone
1497620215376,pigiuz
1497620215376,honggui
1497620215376,nikhilaravi
1497620215376,esdee-git
1497620215376,ibrahim9
1497620215376,BrunoAlcides
1497620215376,lucasbastianik
1497620215376,ltoshea
1497620215376,katbow
1497620215376,andrewMacmurray
1497620215376,hodorswit
1497620215376,adiospace
1497620215376,Thomas-P
1497620215376,highiq
1497620215376,agauniyal
1497620215376,ikhsan
1497620215376,mhaidarh
1497620215376,gafful
1497620215376,pirafrank
1497620215376,osmelmora
1497620215376,danielsef
1497620215376,ccnokes
1497620215376,remirobert
1497620215376,mistyharsh
1497620215376,songawee
1497620215376,aef-
1497620215376,maheshbabu
1497620215376,livfwd
1497620215376,marcioadr88
1497620215376,ArsalanDotMe
1497620215376,n0roo
1497620215376,ghsyeung
1497620215376,bemurphy
1497620215376,dustinryerson
1497620215376,iTonyYo
1497620215376,DenQ
1497620215376,menjaraz
1497620215376,wootsaejao
1497620215376,vdt
1497620215376,mattii
1497620215376,hasinhayder
1497620215376,mattcam
1497620215376,mattiasewers
1497620215376,mugli
1497620215376,jythomart
1497620215376,MunGell
1497620215376,Charlotteis
1497620215376,tobkle
1497620215376,sainttail
1497620215376,miquelnez
1497620215376,melbarch
1497620215376,moreta
1497620215376,thegsi
1497620215376,naazy
1497620215376,Jbarget
1497620215376,katkelemen
1497620215376,tormod17
1497620215376,Conorc1000
1497620215376,lokenx
1497620215376,AdrieanKhisbe
1497620215376,carlos-r-mendoza
1497620215376,sohilpandya
1497620215376,hzpy
1497620215376,Sogl
1497620215376,robbiethegeek
1497620215376,thefoxjob
1497620215376,NoRKin
1497620215376,angusshire
1497620215376,sirakoff
1497620215376,funkymonkeymonk
1497620215376,trizz
1497620215376,josephdburdick
1497620215376,pruett
1497620215376,miklosme
1497620215376,jesusprubio
1497620215376,jonathansamines
1497620215376,davidchin
1497620215376,gabrielperales
1497620215376,delvedor
1497620215376,carloscasalar
1497620215376,mattludwigs
1497620215376,heron2014
1497620215376,meherranjan
1497620215376,dwelle
1497620215376,ConAntonakos
1497620215376,mizhac
1497620215376,aazlant
1497620215376,giulianolatini
1497620215376,klapouchy
1497620215376,iyn
1497620215376,yoamomonstruos
1497620215376,da-vaibhav
1497620215376,nodeco
1497620215376,omarsmak
1497620215376,davidbnk
1497620215376,yolt
1497620215376,leandroalemao
1497620215376,samrocksc
1497620215376,mliq
1497620215376,djensen47
1497620215376,ukrittang
1497620215376,DaneEveritt
1497620215376,paulstefanday
1497620215376,lynnaloo
1497620215376,gitawego
1497620215376,nunks500
1497620215376,mollfrey
1497620215376,schettino
1497620215376,victorkane
1497620215376,tebanep
1497620215376,Ricardo07
1497620215376,1hndrxx
1497620215376,ilyaa1
1497620215376,kwcto
1497620215376,ishan-marikar
1497620215376,adityasaxena
1497620215376,iwanjunaid
1497620215376,joseluisq
1497620215376,timktchan
1497620215376,fmoliveira
1497620215376,ilmsg
1497620215376,chibicode
1497620215376,cunningryan
1497620215376,willklein
1497620215376,galenandrew
1497620215376,catataw
1497620215376,guerreiro
1497620215376,cbracco
1497620215376,gabrielcorado
1497620215376,AgtLucas
1497620215376,msmichellegar
1497620215376,wivorn
1497620215376,hnq90
1497620215376,bencooling
1497620215376,aselivanov
1497620215376,keberox
1497620215376,Jaraxal
1497620215376,kaicataldo
1497620215376,duncanawerbuck
1497620215376,devlim
1497620215376,lrobot
1497620215376,axpro
1497620215376,izaakrogan
1497620215376,lfridael
1497620215376,NataliaLKB
1497620215376,sofer
1497620215376,amilvasishtha
1497620215376,cuongcua90
1497620215376,aaronazlant
1497620215376,kureikain
1497620215376,shamsher31
1497620215376,mikejerome
1497620215376,lporras
1497620215376,elf-pavlik
1497620215376,eluciano11
1497620215376,Jpadilla1
1497620215376,alistairharris
1497620215376,jonathansamines-xoom
1497620215376,crowl
1497620215376,g13n
1497620215376,bitNomad
1497620215376,rgcr
1497620215376,jrmce
1497620215376,brezal
1497620215376,thebinarypenguin
1497620215376,iostat42
1497620215376,tielur
1497620215376,alfonsomga
1497620215376,iwatakeshi
1497620215376,eloop
1497620215376,harriha
1497620215376,bryanleonard
1497620215376,torosgo
1497620215376,Duelist
1497620215376,coolmenu
1497620215376,RoneyThomas
1497620215376,bravepanda
1497620215376,Neats29
1497620215376,MIJOTHY
1497620215376,asimjaved
1497620215376,oluoluoxenfree
1497620215376,leope
1497620215376,georgeyue
1497620215376,mjurincic
1497620215376,troyastorino
1497620215376,rodrigosdo
1497620215376,Kevinlearynet
1497620215376,Phonbopit
1497620215376,cwilgenhoff
1497620215376,akashgupta88
1497620215376,zackgao
1497620215376,bplabombarda
1497620215376,stuartweir
1497620215376,marcioalthmann
1497620215376,dustrider
1497620215376,tonylife
1497620215376,dcernach
1497620215376,edwardcodes
1497620215376,intool
1497620215376,dublx
1497620215376,DimychOcean
1497620215376,daniel-norman-sociomantic
1497620215376,ahmedelgabri
1497620215376,eabait
1497620215376,kevinold
1497620215376,mnquintana
1497620215376,carloscarcamo
1497620215376,gyaresu
1497620215376,HimanshPal
1497620215376,dejandomarcas
1497620215376,petrbrzek
1497620215376,coolxeo
1497620215376,kikoanis
1497620215376,callerc1
1497620215376,muraliv
1497620215376,schlos
1497620215376,ugurcanekimci
1497620215376,ammbot
1497620215376,voronianski
1497620215376,valtlfelipe
1497620215376,iamMonzurul
1497620215376,sh4hin
1497620215376,jkotrba
1497620215376,aleury
1497620215376,byoigres
1497620215376,uzysjung
1497620215376,thoughtquery
1497620215376,iteles
1497620215376,poeticninja
1497620215376,geek
1497620215376,dunamis1974
1497620215376,jeltok
1497620215376,KrishnaSwathi
1497620215376,gingermusketeer
1497620215376,growlybear
1497620215376,dreamineering
1497620215376,fusionstrings
1497620215376,morridm
1497620215376,nelsonic
1497620215376,hyprstack
