1497620115009,nelsonic
1497620115009,hyprstack
1497620115009,morridm
1497620115009,dreamineering
1497620115009,olhapi
1497620115009,simon-p-r
1497620115009,sofer
1497620115009,iteles
1497620115009,victorkane
1497620115009,giulianolatini
1497620115009,chancejiangapp
1497620115009,hzpy
1497620115009,billhibazzz
1497620115009,kevpy
1497620115009,menjaraz
1497620115009,iTonyYo
1497620115009,des-des
1497620115009,jackcarlisle
1497620115009,BrunoAlcides
1497620115009,manonthemat
1497620115009,ptzagk
1497620115009,JackTierney
1497620115009,chisNaN
1497620115009,sondreb
1497620115009,ajmalafif
1497620115009,tanmaypatel
1497620115009,tezlopchan
1497620115009,valterlima
1497620115009,harrygfox
1497620115009,FullStackForger
1497620115009,Kumjami
1497620115009,bohebohe
1497620115009,emmabeynon
1497620115009,nogainbar
1497620115009,matthewiiv
1497620115009,perrin4869
1497620115009,pscott-au
1497620115009,jyenes
1497620115009,roryc89
1497620115009,lucymonie
1497620115009,artitudinale1
1497620115009,eiriklv
1497620115009,raonav
1497620115009,computingfreak
1497620115009,lucasviola
1497620115009,boyarskiy
1497620115009,rodrigo-medeiros
1497620115009,naazy
1497620115009,Conorc1000
1497620115009,numo-labs-ci
1497620115009,eosimosu
1497620115009,tonydaly
1497620115009,sohilpandya
1497620115009,tunnckoCore
1497620115009,beechware
1497620115009,SimonLab
1497620115009,heron2014
1497620115009,JoeTanner
1497620115009,tsop14
1497620115009,benjaminlees
1497620115009,minaorangina
1497620115009,katkelemen
1497620115009,msmichellegar
1497620115009,Jbarget
1497620115009,thegsi
1497620115009,mantagen
1497620115009,RhodesPeter
1497620115009,peerera
1497620115009,gusgard
1497620115009,JoseCage
1497620115009,Cleop
1497620115009,matthewglover
1497620115009,cse-tushar
1497620115009,bpstein
1497620115009,petegarvin1
1497620115009,tomhuhges
1497620115009,pgom
1497620115009,SeanGallen
1497620115009,emilyb7
1497620115009,skibinska
1497620115009,msachi
1497620115009,tbtommyb
1497620115009,deadcoder0904
1497620115009,keelerh
1497620115009,denesnori
1497620115009,CruiseDevice
1497620115009,VitaliyKovtun
1497620115009,quiet324
1497620115009,jjperezaguinaga
1497620115009,ronanyeah
1497620115009,eduponte
1497620115009,calmdev
1497620115009,duycuong87vn
1497620115009,coudrew
1497620115009,MassimoCappellano
1497620115009,AnianZ
1497620115009,techguydiy
1497620115009,Charlotteis
1497620115009,pankajpatel
1497620115009,newswim
1497620115009,bamoo456
1497620115009,Y-LyN-10
1497620115009,amitmawkin
1497620115009,YvesMuyaBenda
1497620115009,martineboh
1497620115009,joeylouise
1497620115009,pbywater
1497620115009,antoniotrkdz
1497620115009,carloslfu
1497620115009,jpls93
1497620115009,cardotrejos
1497620115009,karinakozarova
1497620115009,UgurAldanmaz
1497620115009,omniscient
1497620115009,oemdaro
1497620115009,megataps
1497620115009,gbrmachado
1497620115009,bron10
1497620115009,emersonmellado
1497620115009,andrewplan
1497620115009,davemikolaj
