1497620215376,easiestripes
1497620215376,ravshansbox
1497620215376,smilingsun
1497620215376,markwilliamfirth
1497620215376,miketrebilcock
1497620215376,alphastory
1497620215376,keepcurrent
1497620215376,andrit
1497620215376,care4truth
1497620215376,daymos
1497620215376,BigglesATlarge
1497620215376,jasongfr
1497620215376,irahulsingh
1497620215376,yolt
1497620215376,ltoshea
1497620215376,SimonLab
1497620215376,vvscode
1497620215376,kamal2222ahmed
1497620215376,tormod17
1497620215376,arttuladhar
1497620215376,radiocontrolled
1497620215376,katkelemen
1497620215376,sofer
1497620215376,katpas
1497620215376,des-des
1497620215376,mk4111
1497620215376,thegsi
1497620215376,jackcarlisle
1497620215376,mantagen
1497620215376,nodeco
1497620215376,heron2014
1497620215376,heyts
1497620215376,CristinaRO
1497620215376,NataliaLKB
1497620215376,kbocz
1497620215376,katebee
1497620215376,perborgen
1497620215376,Neats29
1497620215376,rub1e
1497620215376,mcky
1497620215376,edwardcodes
1497620215376,iteles
1497620215376,mhaidarh
1497620215376,hyprstack
1497620215376,nelsonic
