1497620115009,mayela
1497620115009,tanken
1497620115009,kgashok
1497620115009,jer8
1497620115009,jalalazimi
1497620115009,pakhuong
1497620115009,flyingluscas
1497620115009,she-dev
1497620115009,nubilfi
1497620115009,KJWilliamson
1497620115009,xbaby123
1497620115009,larikraun
1497620115009,lufvilla
1497620115009,itsandromeda
1497620115009,acekyd
1497620115009,hosein2398
1497620115009,Subomi
1497620115009,Niklus
1497620115009,JulianoPadilha
1497620115009,prith13
1497620115009,Jessica7
1497620115009,gixlg
1497620115009,santiHerranz
1497620115009,KimTrijnh
1497620115009,williamolojede
1497620115009,Jonalogy
1497620115009,manishmalik
1497620115009,ahsankamal
1497620115009,ivanuy
1497620115009,DuskyPixel
1497620115009,MarcoCFA
1497620115009,citypaul
1497620115009,Fujihita
1497620115009,risx
1497620115009,reza-agahi
1497620115009,belozerskiy
1497620115009,romulets
1497620115009,ummahusla
1497620115009,gsantiago
1497620115009,santospatrick
1497620115009,barakplasma
1497620115009,JonatanSalas
1497620115009,w96k
1497620115009,karbon62
1497620115009,iagomelanias
1497620115009,caiobep
1497620115009,pierrerappolt
1497620115009,ahdinosaur
1497620115009,iainkirkpatrick
1497620115009,selesdepselesnul
1497620115009,Grenoblois
1497620115009,juanjaime
1497620115009,wittjeff
1497620115009,dikyarga
1497620115009,rodridiaz
1497620115009,AdhanIsCuber
1497620115009,athosbr99
1497620115009,AlexGoico
1497620115009,pchinjr
1497620115009,bo-bok
1497620115009,credo92
1497620115009,PeriGK
1497620115009,barisdemiray
1497620115009,matbrady
1497620115009,leogopal
1497620115009,deka108
1497620115009,UgurAldanmaz
1497620115009,forgivethefool
1497620115009,RAJESHW
1497620115009,icaroseara
1497620115009,kaimies
1497620115009,jpls93
1497620115009,niktekusho
1497620115009,mattywong
1497620115009,akshatamohanty
1497620115009,Flex-Luthor
1497620115009,htalat
1497620115009,ankitgaurav
1497620115009,arphen
1497620115009,da-vaibhav
1497620115009,carloscasalar
1497620115009,steveamaza
1497620115009,ravshansbox
1497620115009,kevinguebert
1497620115009,michalbcz
1497620115009,leonard9
1497620115009,estevanmaito
1497620115009,paperlambda
1497620115009,Borgaard
1497620115009,kieranhall
1497620115009,kinsomicrote
1497620115009,woleoye
1497620115009,vire
1497620115009,jeffgodwyll
1497620115009,tokyoincode
1497620115009,kfern
1497620115009,edemkumodzi
1497620115009,chaicko
1497620115009,Chiamaka
1497620115009,ahemphill
1497620115009,pgom
1497620115009,madeleinel
1497620115009,dichosov
1497620115009,PiotrBerebecki
1497620115009,joeylouise
1497620115009,Krbz
1497620115009,meche
1497620115009,memojja
1497620115009,biravino
1497620115009,cevherkarakoc
1497620115009,gokaygurcan
1497620115009,drlinux
1497620115009,uCibar
1497620115009,victorvoid
1497620115009,izniburak
1497620115009,smtaydemir
1497620115009,hwclass
1497620115009,ManadayM
1497620115009,rthomas29
1497620115009,rofrnnds
1497620115009,zhangshuwei
1497620115009,YvesMuyaBenda
1497620115009,san00
1497620115009,dameg
1497620115009,oderdene
1497620115009,alpanayotov
1497620115009,vvasilev-
1497620115009,RonyVidaur
1497620115009,MichelML
1497620115009,sloansparger
1497620115009,newswim
1497620115009,volash86
1497620115009,kempsterrrr
1497620115009,vincentywx
1497620115009,fffuture
1497620115009,markwilliamfirth
1497620115009,simone-sanfratello
1497620115009,RipleyLudicrous1979
1497620115009,Abdelmageed
1497620115009,Obooman
1497620115009,sanchitkum
1497620115009,derek-palmer
1497620115009,dannyppaz
1497620115009,entrptaher
1497620115009,pedromclamas
1497620115009,techmexdev
1497620115009,mmhand123
1497620115009,AK4848
1497620115009,imrokas
1497620115009,anujshankar
1497620115009,f-joshua
1497620115009,doxakis
1497620115009,sohamkamani
1497620115009,hugocarreira
1497620115009,aodreman
1497620115009,chieakiba
1497620115009,coderingo
1497620115009,dgowrie
1497620115009,znamilya
1497620115009,cabbage
1497620115009,br0p0p
1497620115009,mmccullar
1497620115009,kogakure
1497620115009,amorimfilip
1497620115009,muhtarudinsiregar
1497620115009,amior
1497620115009,davidalves1
1497620115009,PREMPRAKASHSINGH
1497620115009,nickbytes
1497620115009,ritsute
1497620115009,carolrmc
1497620115009,roberthamel
1497620115009,luismacena
1497620115009,lanskey
1497620115009,t-rappos
1497620115009,xmarianox
1497620115009,xadamy
1497620115009,amit-mb
1497620115009,febLey
1497620115009,vyorkin
1497620115009,vamsiampolu
1497620115009,shiiba
1497620115009,chetnashah
1497620115009,Rusta
1497620115009,bmaljai
1497620115009,jsms90
1497620115009,dsi
1497620115009,TheAhmadSharif
1497620115009,Cube189
1497620115009,2201pandey
1497620115009,lrkitto
1497620115009,nbicalcarata
1497620115009,quiet324
1497620115009,yhagio
1497620115009,CruiseDevice
1497620115009,Peripona
1497620115009,deadcoder0904
1497620115009,AntoniosHadji
1497620115009,delk0
1497620115009,pito-svk
1497620115009,tomhuhges
1497620115009,v-a-kernel
1497620115009,hebertreis
1497620115009,MatthewBenjamin
1497620115009,wassiim
1497620115009,sawas
1497620115009,spallen
1497620115009,ChenReuven
1497620115009,ceasbz
1497620115009,costh
1497620115009,jabedhasan21
1497620115009,WeRockStar
1497620115009,grajib23
1497620115009,up1
1497620115009,MichalKlabisz
1497620115009,kzap
1497620115009,carloscarcamo
1497620115009,RodrigoJacznik
1497620115009,JoseCage
1497620115009,yuhwan
1497620115009,moogalin
1497620115009,cameronroe
1497620115009,yairodriguez
1497620115009,wayneadams
1497620115009,v3rron
1497620115009,sandropucp
1497620115009,peterjenkins
1497620115009,onlurking
1497620115009,julianengel
1497620115009,sharavsambuu
1497620115009,nobuh
1497620115009,AnnekaSillitoe
1497620115009,7fELF
1497620115009,iagolaguna
1497620115009,HiredBlade
1497620115009,psyddhartha
1497620115009,mandavkarswap
1497620115009,IanDCarroll
1497620115009,DanGeffroy
1497620115009,AlbertoTrindade
1497620115009,jcarlallen
1497620115009,alfrcr
1497620115009,dimohamdy
1497620115009,mostafahussein
1497620115009,mmdsharifi
1497620115009,NouranMahmoud
1497620115009,AlanGabbianelli
1497620115009,vuzzlevuzz
1497620115009,parkerproject
1497620115009,dushujun
1497620115009,livelifelively
1497620115009,shanebarringer
1497620115009,cades
1497620115009,nickrfer
1497620115009,RPallas92
1497620115009,DevinXian
1497620115009,zack9433
1497620115009,mrkidsan
1497620115009,naquiuddin
1497620115009,krtierney
1497620115009,interglobalmedia
1497620115009,BexB1
1497620115009,katia-utochkina
1497620115009,SathishGajendran
1497620115009,marcellefter
1497620115009,etinif
1497620115009,developer-rakeshpaul
1497620115009,sethlopezme
1497620115009,chrisbuttery
1497620115009,paulstefanday
1497620115009,ykhorzon
1497620115009,albericagr
1497620115009,osnysantos
1497620115009,wxyudl
1497620115009,louisguitton
1497620115009,dominikwilkowski
1497620115009,alanbares
1497620115009,keberox
1497620115009,gup-dwp
1497620115009,antoio
1497620115009,eiriklv
1497620115009,rakeen
1497620115009,NexZhu
1497620115009,artitudinale1
1497620115009,lucasbento
1497620115009,frosit
1497620115009,val-samonte
1497620115009,Phonbopit
1497620115009,brunosilvano
1497620115009,keepcurrent
1497620115009,ethanrubio
1497620115009,raptortech-js
1497620115009,raakesh
1497620115009,khwilo
1497620115009,goodmind
1497620115009,ivernaloo
1497620115009,joseluisq
1497620115009,johnrackles
1497620115009,forthright48
1497620115009,lastmjs
1497620115009,mnucara-vanGoGh
1497620115009,PabloDesiderioFlores
1497620115009,fuunnx
1497620115009,Trskldn
1497620115009,PeterChauYEG
1497620115009,josecolella
1497620115009,dodadoa
1497620115009,christopherowen78
1497620115009,aayushkapoor206
1497620115009,jresendiz27
1497620115009,rpun
1497620115009,jareyes409
1497620115009,hecerinc
1497620115009,FullStackForger
1497620115009,ybrodsky
1497620115009,akbaryu
1497620115009,jojobyte
1497620115009,faberyx
1497620115009,michaelmeuli
1497620115009,valterlima
1497620115009,Kablex
1497620115009,diazweb
1497620115009,casoetan
1497620115009,byr-gdp
1497620115009,robi-y
1497620115009,elementHTTP
1497620115009,webtechalex
1497620115009,ArielStrong
1497620115009,chris-alexander
1497620115009,justin-ch-goh
1497620115009,jmsmrgn
1497620115009,nhz-io
1497620115009,robotomize
1497620115009,dpkshrma
1497620115009,neurosys
1497620115009,edwardcodes
1497620115009,pigiuz
1497620115009,katbow
1497620115009,daymos
1497620115009,justinseiter
1497620115009,andrewMacmurray
1497620115009,codelero
1497620115009,Ebsy
1497620115009,agauniyal
1497620115009,mhaidarh
1497620115009,ajmalafif
1497620115009,choiaa
1497620115009,mistyharsh
1497620115009,erikajon
1497620115009,grvcoelho
1497620115009,christiansakai
1497620115009,roryrjb
1497620115009,dustinryerson
1497620115009,leecade
1497620115009,lucchmielowski
1497620115009,wootsaejao
1497620115009,payneal
1497620115009,sukawat1580
1497620115009,vernonk
1497620115009,jphmf
1497620115009,kaoskeya
1497620115009,kylebuttner
1497620115009,fabientownsend
1497620115009,abdhass
1497620115009,HQarroum
1497620115009,irahulsingh
1497620115009,AdrieanKhisbe
1497620115009,yolt
1497620115009,Wgil
1497620115009,lokenx
1497620115009,jaicab
1497620115009,angusshire
1497620115009,Cordycepss
1497620115009,MiattoRocha
1497620115009,alexandrejunqueira
1497620115009,sofer
1497620115009,katpas
1497620115009,RachBLondon
1497620115009,mk4111
1497620115009,katkelemen
1497620115009,tormod17
1497620115009,jackcarlisle
1497620115009,Conorc1000
1497620115009,thegsi
1497620115009,sohilpandya
1497620115009,Jbarget
1497620115009,brunopulis
1497620115009,Joshua-Ronan-Phillips
1497620115009,des-des
1497620115009,akileez
1497620115009,tunnckoCore
1497620115009,aredo
1497620115009,maxparm
1497620115009,nodeco
1497620115009,jalcine
1497620115009,mauriciojunior
1497620115009,IgorVieira
1497620115009,willianjusten
1497620115009,JackNova
1497620115009,rengokantai
1497620115009,heron2014
1497620115009,ishan-marikar
1497620115009,izaakrogan
1497620115009,muntasirsyed
1497620115009,adamdiy
1497620115009,fmoliveira
1497620115009,oluoluoxenfree
1497620115009,pixely
1497620115009,taichi
1497620115009,CristinaRO
1497620115009,chunpu
1497620115009,maoabc1818
1497620115009,hasssan
1497620115009,quentunahelper
1497620115009,zrei
1497620115009,VadimBrodsky
1497620115009,diogomoretti
1497620115009,syuichi-tsuji
1497620115009,azu
1497620115009,halbtuerke
1497620115009,alexandref93
1497620115009,AgtLucas
1497620115009,Layzie
1497620115009,johncpatterson
1497620115009,NataliaLKB
1497620115009,studiomohawk
1497620115009,iteles
1497620115009,PavelDemyanenko
1497620115009,qinmudi
1497620115009,kohlerm
1497620115009,yockelle
1497620115009,ma3east
1497620115009,katebee
1497620115009,gabrielperales
1497620115009,nelsonic
