1497620115009,ravinot
1497620115009,qinmudi
1497620115009,zrei
1497620115009,sofer
1497620115009,krosti
1497620115009,perborgen
1497620115009,iteles
1497620115009,heron2014
1497620115009,tsop14
1497620115009,edwardcodes
1497620115009,minaorangina
1497620115009,Danwhy
1497620115009,Jasonspd
1497620115009,msmichellegar
1497620115009,benjaminlees
1497620115009,dwyl-dummy
1497620115009,beechware
1497620115009,Cordycepss
1497620115009,billhibazzz
1497620115009,rtorino
1497620115009,MomchilGorchev
1497620115009,gregtandiono
1497620115009,sohilpandya
1497620115009,FilWisher
1497620115009,jackcarlisle
1497620115009,naazy
1497620115009,Jbarget
1497620115009,Conorc1000
1497620115009,des-des
1497620115009,thegsi
1497620115009,tunnckoCore
1497620115009,tonydaly
1497620115009,danielleplatt95
1497620115009,vdeturckheim
1497620115009,jkbits1
1497620115009,thebergamo
1497620115009,vernonk
1497620115009,JoeTanner
1497620115009,wildcard
1497620115009,Virginie-T
1497620115009,carlitux
1497620115009,daymos
1497620115009,manonthemat
1497620115009,neurosys
1497620115009,webwelten
1497620115009,JackTierney
1497620115009,chisNaN
1497620115009,sondreb
1497620115009,ajmalafif
1497620115009,elementHTTP
1497620115009,robi-y
1497620115009,valterlima
1497620115009,harrygfox
1497620115009,Kumjami
1497620115009,emmabeynon
1497620115009,nogainbar
1497620115009,matthewiiv
1497620115009,PabloDesiderioFlores
1497620115009,perrin4869
1497620115009,pscott-au
1497620115009,jyenes
1497620115009,roryc89
1497620115009,2eleven2
1497620115009,lucymonie
1497620115009,artitudinale1
1497620115009,eiriklv
1497620115009,raonav
1497620115009,wilsongp
1497620115009,computingfreak
1497620115009,interglobalmedia
1497620115009,lucasviola
1497620115009,boyarskiy
1497620115009,sreekantht
1497620115009,rodrigo-medeiros
1497620115009,livelifelively
1497620115009,MiqdadM
1497620115009,numo-labs-ci
1497620115009,eosimosu
1497620115009,RhodesPeter
1497620115009,gusgard
1497620115009,JoseCage
1497620115009,iagolaguna
1497620115009,SimonLab
1497620115009,oderdene
1497620115009,Cleop
1497620115009,matthewglover
1497620115009,cse-tushar
1497620115009,Lunatikzx
1497620115009,okyantoro
1497620115009,bpstein
1497620115009,ChenReuven
1497620115009,petegarvin1
1497620115009,hebertreis
1497620115009,tomhuhges
1497620115009,SeanGallen
1497620115009,emilyb7
1497620115009,skibinska
1497620115009,msachi
1497620115009,tbtommyb
1497620115009,deadcoder0904
1497620115009,keelerh
1497620115009,denesnori
1497620115009,CruiseDevice
1497620115009,VitaliyKovtun
1497620115009,quiet324
1497620115009,jjperezaguinaga
1497620115009,ronanyeah
1497620115009,akela149
1497620115009,eduponte
1497620115009,coudrew
1497620115009,MassimoCappellano
1497620115009,rchovatiya88
1497620115009,AnianZ
1497620115009,gregorybesson
1497620115009,techguydiy
1497620115009,sidheshwar06
1497620115009,Charlotteis
1497620115009,pankajpatel
1497620115009,Fraganya
1497620115009,newswim
1497620115009,Y-LyN-10
1497620115009,amitmawkin
1497620115009,121arijit
1497620115009,YvesMuyaBenda
1497620115009,tajwal
1497620115009,joeylouise
1497620115009,dichosov
1497620115009,kfern
1497620115009,Marak
1497620115009,jmm
1497620115009,nelsonic
1497620115009,gabrielPeart
1497620115009,aredo
1497620115009,markhu
1497620115009,howardroark
1497620115009,nilskassube
1497620115009,ayoungh
1497620115009,gangstead
1497620115009,kevincobain2000
1497620115009,diegodfsd
1497620115009,bananaoomarang
1497620115009,JackNova
1497620115009,johnnyghost
1497620115009,crguezl
1497620115009,robotomize
1497620115009,avanslaars
1497620115009,Talento90
1497620115009,quarbby
1497620115009,primitive-type
1497620115009,bourdeau
1497620115009,mugli
1497620115009,jamesharrington
1497620115009,waleedsamy
1497620115009,devinivy
1497620115009,richsilv
1497620115009,prio101
1497620115009,frbk
1497620115009,codepreneur
1497620115009,mkjois
1497620115009,Javascipt
1497620115009,fmoliveira
1497620115009,akileez
1497620115009,thii
1497620115009,irahulsingh
1497620115009,garmjs
1497620115009,cujof1
1497620115009,xxryan1234
1497620115009,martynhoyer
1497620115009,brucealex
1497620115009,markwilliamfirth
1497620115009,necatikartal
1497620115009,Shekharrajak
1497620115009,Jermorin
1497620115009,hyprstack
1497620115009,stevehopkinson
1497620115009,alephmelo
1497620115009,carloscasalar
1497620115009,ggdaltoso
1497620115009,malexmes
1497620115009,Peripona
1497620115009,ma3east
1497620115009,stevedien
1497620115009,sarahabimay
1497620115009,onlurking
1497620115009,gregaubs
1497620115009,lianneharrison
1497620115009,kylebuttner
1497620115009,notenociz
1497620115009,rug1
1497620115009,patrickwalkowicz
1497620115009,hanfak
1497620115009,mcelearr
1497620115009,jsms90
1497620115009,SavageWilliam
1497620115009,nodexo
1497620115009,marisid
1497620115009,enociz
1497620115009,calpa
1497620115009,Akin909
1497620115009,NataliaLKB
1497620115009,jackpandas
1497620115009,pbywater
1497620115009,antoniotrkdz
1497620115009,carloslfu
1497620115009,7fELF
1497620115009,jpls93
1497620115009,karinakozarova
1497620115009,UgurAldanmaz
1497620115009,karbon62
1497620115009,oemdaro
1497620115009,gbrmachado
1497620115009,bron10
1497620115009,emersonmellado
1497620115009,davemikolaj
