1497620115009,geekodour
1497620115009,narkhedegs
1497620115009,Naramsim
1497620115009,zarnasharma
1497620115009,BobaFett1
1497620115009,vuthaihoc
1497620115009,sandeepl337
1497620115009,Srijancse
1497620115009,nevosial
1497620115009,kaoussi
1497620115009,Kirushanr
1497620115009,BusesCanFly
1497620115009,Lukeskins
1497620115009,cmhedrick
1497620115009,Isaacxpreston
1497620115009,huydalton
1497620115009,KayvanMazaheri
1497620115009,snehesht
1497620115009,tomscholz
1497620115009,TdevM
1497620115009,ManrajGrover
1497620115009,sagitzadik
1497620115009,R-K-H
1497620115009,andyfen
1497620115009,JediKoder
1497620115009,samyk
1497620115009,kietnguyen
1497620115009,juliangarnier
1497620115009,Alphanor
1497620115009,mu373
1497620115009,artemkovalyov
1497620115009,ManuelEPayano
1497620115009,Cyberdr8gon
1497620115009,igoroctaviano
1497620115009,valoraccoon
1497620115009,Sir-hennihau
1497620115009,sthobis
1497620115009,eljobe
1497620115009,callmesusheel
1497620115009,duscheln
1497620115009,iamsainikhil
1497620115009,Tibbs
1497620115009,tchua93
1497620115009,puripant
1497620115009,yuri8p
1497620115009,xocialize
1497620115009,thecoducer
1497620115009,sueck94
1497620115009,jessevdp
1497620115009,Xixiao007
1497620115009,timuckun
1497620215376,JohanCHM
1497620215376,vostokbike
1497620215376,stronk
1497620215376,faizmh
1497620215376,gunchungpyo
1497620215376,maaljam
1497620215376,slgphantom
1497620215376,hpduong
1497620215376,sandeepkv93
1497620215376,minhbk
1497620215376,XcoderG
1497620215376,Rodrigo-Ludgero
1497620215376,ctxhou
1497620215376,sergimiral
1497620215376,MarcoAASilva
1497620215376,Sinan79
1497620215376,hauwenw
1497620215376,jesseminn
1497620215376,Aravindpk
1497620215376,sritampatnaik
1497620215376,matteoscurati
1497620215376,phlipper
1497620215376,avimehenwal
1497620215376,NawaraGFX
1497620215376,mannanali413
1497620215376,who-am-i
1497620215376,badgeek
1497620215376,YujinGaya
1497620215376,zkewal
1497620215376,aliciasavelly
1497620215376,carsonjones
1497620215376,wijae
1497620215376,cotyembry
1497620215376,Kishanjvaghela
1497620215376,shaklev
1497620215376,guptarohit
1497620215376,sente
1497620215376,boyvinall
1497620215376,labnol
1497620215376,TexasBullet26
1497620215376,chasereed
1497620215376,Chan9390
1497620215376,louis9171
1497620215376,JY-D
1497620215376,ziguifrido
1497620215376,j0an
1497620215376,tensortalk
1497620215376,napsternxg
1497620215376,aarohijohal
1497620215376,johngodlee
1497620215376,mpoozd
1497620215376,jenniferkwok
1497620215376,whatAboutJohn
1497620215376,jylopez
1497620215376,giliamverheide
1497620215376,guipacheco2
1497620215376,ansulsahu07
1497620215376,jamyl
1497620215376,cadocx
1497620215376,ahmetshen-us
1497620215376,00ff88
1497620215376,Doppp
1497620215376,cayasso
1497620215376,albertonieto
1497620215376,gusgard
1497620215376,jacksctsai
1497620215376,yasminzy
1497620215376,CrCs2O4
1497620215376,angyvolin
1497620215376,matiasgordon
1497620215376,ihororlovskyi
1497620215376,mix3d
1497620215376,jul-k
1497620215376,atefhares
1497620215376,nirholas
1497620215376,fdfrs
1497620215376,ViltonBonifacio
1497620215376,Jbonez87
1497620215376,k-james
1497620215376,dmyca
1497620215376,andersklenke
1497620215376,SofianMourabit
1497620215376,nextgenxx
1497620215376,albertgrala
1497620215376,pachecoder
1497620215376,lizgw
1497620215376,stradap
1497620215376,nkmajeti
1497620215376,vilav
1497620215376,saurav529
1497620215376,willpa
1497620215376,tracyghz
1497620215376,chrsstrm
1497620215376,goatandsheep
1497620215376,karinakozarova
1497620215376,andrewhansen89
1497620215376,aerohub
1497620215376,victorsmseo
1497620215376,rohit-rk
1497620215376,rborn
1497620215376,Brutalpsy
1497620215376,jdzarate
1497620215376,tanzoor
1497620215376,bochengyang
1497620215376,zenigy
1497620215376,AlexGilleran
1497620215376,rahulchanglani
1497620215376,laithserhan
1497620215376,r4ndr4s4
1497620215376,sergioelmoreno
1497620215376,virajsoni06
1497620215376,gifteconomist
1497620215376,UlisesGascon
1497620215376,bkmeneguello
1497620215376,martynhoyer
1497620215376,asi7296
1497620215376,vabada
1497620215376,rudnichenko
1497620215376,rhamzeh
1497620215376,padurean
1497620215376,nickwong680
1497620215376,artur-sak13
1497620215376,rohanthacker
1497620215376,carloslfu
1497620215376,Emper
1497620215376,FirstMet
1497620215376,sikrew
1497620215376,sedenardi
1497620215376,nikhilmathew
1497620215376,channprj
1497620215376,LeoTanoue
1497620215376,intermundos
1497620215376,smuemd
1497620215376,kuznetsov0209
1497620215376,Woodpecker
1497620215376,pyroflies
1497620215376,sagarkar10
1497620215376,ivanoats
1497620215376,NE-SmallTown
1497620215376,01010000101001100
1497620215376,ShanmugaGanesh
1497620215376,juhokuu
1497620215376,karneaud
1497620215376,nevalashka
1497620215376,samr28
1497620215376,gasparrobi
1497620215376,Auvenell
1497620215376,rousnay
1497620215376,jamesjcai
1497620215376,bboydflo
1497620215376,sgc-code
1497620215376,iamuros
1497620215376,jordiae
1497620215376,koonwah
1497620215376,josheverett
1497620215376,gopala-kr
1497620215376,adam8hospitality
1497620215376,jstalavera
1497620215376,davidtmiller
1497620215376,joshause
1497620215376,astenmies
1497620215376,parthjdabhi
1497620215376,cdrrazan
1497620215376,newswim
1497620215376,ihatemicah
1497620215376,noido
1497620215376,hharchani
1497620215376,g438
1497620215376,Nitinrajyadav
1497620215376,Datcood
1497620215376,isaul
1497620215376,lennardtastic
1497620215376,zornfett
1497620215376,UnityTutors
1497620215376,tommytomatoe
1497620215376,aravinthanpnk
1497620215376,clive21
1497620215376,Theknickerbocker
1497620215376,jaimehta
1497620215376,pcast01
1497620215376,simgooder
1497620215376,wind39
1497620215376,CristianoRC
1497620215376,neelpatel05
1497620215376,sahinercanscs
1497620215376,KiarashS
1497620215376,cadejscroggins
1497620215376,rbarato
1497620215376,Mortezaipo
1497620215376,luciovilla
1497620215376,AntAreS24
1497620215376,ggu
1497620215376,milothemad
1497620215376,ffaassen
1497620215376,brandonhon
1497620215376,yrezgui
1497620215376,uber1geek
1497620215376,stefanivic
1497620215376,jeffreyhanson
1497620215376,silverstone1903
1497620215376,MarkEdmondson1234
1497620215376,m040601
1497620215376,Fitzonreee
1497620215376,kvbbro
1497620215376,tjmahr
1497620215376,ramnathv
1497620215376,tarvos21
1497620215376,TomashKhamlai
1497620215376,wheelhot
1497620215376,mgor3k
1497620215376,tbtommyb
1497620215376,SamWCoding
1497620215376,richcouzzi
1497620215376,LyudmilaP
1497620215376,FreddyFernando
1497620215376,windycitymoon
1497620215376,joelmorrice
1497620215376,statonjr
1497620215376,pankajpatel
1497620215376,vishnu45
1497620215376,MerrylArok
1497620215376,sconstantinides
1497620215376,polyrhythmatic
1497620215376,diztinct-tim
1497620215376,chenmengyang
1497620215376,edinchez
1497620215376,ITJoePC
1497620215376,brianrc
1497620215376,luisuzai
1497620215376,dylanmensaert
1497620215376,zzeleznick
1497620215376,mavnyin88
1497620215376,juanpaguerra090
1497620215376,vikingchess
1497620215376,raonav
1497620215376,ricksherm
1497620215376,dumpofmemory
1497620215376,bawejakunal
1497620215376,dennisd1
1497620215376,jurnalanas
1497620215376,abvrs
1497620215376,RamanViarbitski
1497620215376,jsroyal
1497620215376,m8rge
1497620215376,jenniferkahn
1497620215376,bhaveshgohel
1497620215376,wieblinger1
1497620215376,dasonchan
1497620215376,jmas
1497620215376,Luminger
1497620215376,web20opensource
1497620215376,jonathandarchy
1497620215376,amuganda
1497620215376,ThibaultOsmont
1497620215376,denistsoi
1497620215376,c03rcion
1497620215376,daallgeier
1497620215376,rsales
1497620215376,nurali93
1497620215376,samuelhackwill
1497620215376,mcarlucci
1497620215376,timknight
1497620215376,redmile
1497620215376,brunomonteiro3
1497620215376,13204942
1497620215376,shurui91
1497620215376,nagnath15
1497620215376,lianliu
1497620215376,IrakliK
1497620215376,quiet324
1497620215376,wancg
1497620215376,erikhm17
1497620215376,dr-martin
1497620215376,Genert
1497620215376,byung-u
1497620215376,eebabe
1497620215376,soham2008xyz
1497620215376,deadcoder0904
1497620215376,hugoabonizio
1497620215376,Menti
1497620215376,LearningNerd
1497620215376,shafi49
1497620215376,rgee258
1497620215376,mvanduijker
1497620215376,Min11Benja
1497620215376,bloodwin
1497620215376,ef37
1497620215376,ijparking
1497620215376,iamkevingreen
1497620215376,pushqin
1497620215376,josevaisman
1497620215376,jk273
1497620215376,Esardes
1497620215376,AlexanderElias
1497620215376,tekclik
1497620215376,rad73
1497620215376,klhz1
1497620215376,rajatkhare619
1497620215376,divayprakash
1497620215376,Siyanda
1497620215376,techstreams
1497620215376,finnbuster
1497620215376,shkur
1497620215376,0x4d0x44
1497620215376,Stive-AZ
1497620215376,MarckK
1497620215376,bhch
1497620215376,JBader89
1497620215376,bencasalino
1497620215376,EmmaDeacon
1497620215376,felipeasf
1497620215376,mathdroid
1497620215376,faizilham
1497620215376,mhaidarh
1497620215376,hason
1497620215376,codeb1ooded
1497620215376,ewebdev
1497620215376,Dennise1993
1497620215376,archgirl
1497620215376,nvmottamena
1497620215376,chiraglss
1497620215376,timelf123
1497620215376,karolgorecki
1497620215376,germnor
1497620215376,AlejoJamC
1497620215376,masonicGIT
1497620215376,grosendy
1497620215376,tiborsaas
1497620215376,tunnckoCore
1497620215376,markwilliamfirth
1497620215376,coderaven
1497620215376,jaismeensandhu
1497620215376,acoyfellow
1497620215376,HyperSprite
1497620215376,FusedKush
1497620215376,JoseCage
1497620215376,sarath49
1497620215376,lkorth
1497620215376,qkrsogusl3
1497620215376,treighton
1497620215376,jlengrand
1497620215376,ocularrhythm
1497620215376,jayuloy
1497620215376,mavriel
1497620215376,brant-hwang
1497620215376,kapena
1497620215376,ermaker
1497620215376,ivanbanov
1497620215376,RyanKim01
1497620215376,dimitrisA
1497620215376,designmeltdown
1497620215376,LeahNelson
1497620215376,antekai
1497620215376,escalona
1497620215376,esd100
1497620215376,rafaelmotta
1497620215376,ariestiyansyah
1497620215376,amolgunjal1993
1497620215376,dariaev
1497620215376,thoughtpalette
1497620215376,roycepope
1497620215376,harumburum
1497620215376,karb0n13
1497620215376,jketcham
1497620215376,LandoLabrum
1497620215376,zamkevich
1497620215376,AustinGreen
1497620215376,88ee55
1497620215376,FlorianKromer
1497620215376,tuananh9801
1497620215376,surendharreddy
1497620215376,cinegen
1497620215376,meal
1497620215376,GeekAb
1497620215376,fmbyv
1497620215376,dhyegofernando
1497620215376,acsrujan
1497620215376,kunnix
1497620215376,jovil
1497620215376,SueldoSales
1497620215376,meeeable
1497620215376,katia-utochkina
1497620215376,cneiman
1497620215376,nzuzondlovu
1497620215376,russll
1497620215376,vicentedealencar
1497620215376,MluciS
1497620215376,pbuzdin
1497620215376,8parth
1497620215376,KozTv
1497620215376,kapziel
1497620215376,landestates
1497620215376,gisminister
1497620215376,alaypanov
1497620215376,pareeksourabh
1497620215376,vizavi21
1497620215376,alinecrsouza
1497620215376,Chariyski
1497620215376,gruzzilkin
1497620215376,saru95
1497620215376,manparvesh
1497620215376,thinkstylestudio
1497620215376,matthewcorreia
1497620215376,babakness
1497620215376,jelmani
1497620215376,mlbaquerizo
1497620215376,Faiz7412
1497620215376,des-des
1497620215376,iamlos
1497620215376,leemour
1497620215376,MarcosTeles
1497620215376,sivartravis
1497620215376,akgoze
1497620215376,Vladlgk
1497620215376,adell04
1497620215376,lroman242
1497620215376,AgtLucas
1497620215376,joewoodcock
1497620215376,BryceRogers
1497620215376,viniciusvollrath
1497620215376,Metajake
1497620215376,dfrankland
1497620215376,Aidosmf
1497620215376,opusmagnum77
1497620215376,kstawiski
1497620215376,AlexM45
1497620215376,gabrielperales
1497620215376,pillowsoft
1497620215376,MisterReally
1497620215376,mckennapsean
1497620215376,kittenlogic
1497620215376,azat-io
1497620215376,n3k0
1497620215376,protomorph
1497620215376,JustBo
1497620215376,chisNaN
1497620215376,alexgarces
1497620215376,scootcho
1497620215376,dyelton
1497620215376,ayoub-belarbi
1497620215376,bertelledani
1497620215376,abraga
1497620215376,carmocode
1497620215376,brunoziie
1497620215376,saviomd
1497620215376,thiagoods
1497620215376,welksonramos
1497620215376,brenopolanski
1497620215376,fdaciuk
1497620215376,realronchi
1497620215376,gustavomeloweb
1497620215376,diogomoretti
1497620215376,thulioph
1497620215376,p0o
1497620215376,BraydenGirard
1497620215376,JuanCrg90
1497620215376,muladamai
1497620215376,adrianchinghc
1497620215376,Emualli
1497620215376,psicorpszone
1497620215376,nstevens
1497620215376,sohilpandya
1497620215376,carolinerusso
1497620215376,linth
1497620215376,ruvido
1497620215376,vancetran
1497620215376,Gabriel0402
1497620215376,canadacoder
1497620215376,richardfrost
1497620215376,maggiomaressoftware
1497620215376,lucascantor
1497620215376,bash
1497620215376,danielleplatt95
1497620215376,yolt
1497620215376,jeve75
1497620215376,atifkhan161
1497620215376,bnnsz
1497620215376,AdrianoCahete
1497620215376,irahulsingh
1497620215376,edwardcodes
1497620215376,iteles
1497620215376,nelsonic
1497652167394,harshcrop
1497652167394,marcosflorencio
1497652167394,samatt
1497652167394,Spockuto
1497652167394,twstokes
1497652167394,unseen1980
