1497620215376,hyunchulkwak
1497620215376,markwilliamfirth
1497620215376,zarr12steven
1497620215376,wolfoo2931
1497620215376,quiet324
1497620215376,terrycafe520
1497620215376,mitchellporter
1497620215376,mk4111
1497620215376,LukeAveil
1497620215376,apsaxena24
1497620215376,TiagoMaiaL
1497620215376,ikungolf
1497620215376,viniciusvollrath
1497620215376,daymos
1497620215376,jackcarlisle
1497620215376,da-vaibhav
1497620215376,silver-io
1497620215376,leopoldkwok
1497620215376,gabrielperales
1497620215376,fmoliveira
1497620215376,xukeek
1497620215376,NataliaLKB
1497620215376,armangithub
1497620215376,beejhuff
1497620215376,edwardcodes
1497620215376,Neats29
1497620215376,PetrKohut
1497620215376,iteles
1497620215376,nelsonic
