1497620115009,newswim
1497620115009,framerate
1497620115009,JonatanSalas
1497620115009,eddie
1497620115009,robmcguinness
1497620115009,jbpionnier
1497620115009,rossanthony
1497620115009,Harekam
1497620115009,noveogroup-amorgunov
1497620115009,iraniamir
1497620115009,tormod17
1497620115009,antoinemetifeu
1497620115009,iagomelanias
1497620115009,oemdaro
1497620115009,teryaew
1497620115009,danihodovic
1497620115009,markwilliamfirth
1497620115009,andyt10
1497620115009,TangMonk
1497620115009,robbenmu
1497620115009,des-des
1497620115009,JoseCage
1497620115009,calmdev
1497620115009,millette
1497620115009,quiet324
1497620115009,cristobal151
1497620115009,mhaidarh
1497620115009,rug1
1497620115009,sabind
1497620115009,jamesdixon
1497620115009,DanGeffroy
1497620115009,murilolobato
1497620115009,FGRibreau
1497620115009,Gusbenz
1497620115009,jhawlwut
1497620115009,benedyktdryl
1497620115009,neurotech
1497620115009,colthreepv
1497620115009,heron2014
1497620115009,d3viant0ne
1497620115009,p-meier
1497620115009,naazy
1497620115009,rclayton-the-terrible
1497620115009,yolt
1497620115009,edwardcodes
1497620115009,iteles
1497620115009,nelsonic
