1497620115009,JoseCage
1497620115009,adamclerk
1497620115009,mrkschan
1497620115009,nikolay
1497620115009,cloudle
1497620115009,arifmahmudrana
1497620115009,auser
1497620115009,sohilpandya
1497620115009,RobStallion
1497620115009,ZECTBynmo
1497620115009,CrashyBang
1497620115009,BankTP
1497620115009,nguerrier
1497620115009,samcorcos
1497620115009,markwilliamfirth
1497620115009,amanpurohit
1497620115009,ShekharReddy4
1497620115009,jpwilliams
1497620115009,kuashe
1497620115009,jdbence
1497620115009,sanboxapps
1497620115009,simontegg
1497620115009,quiet324
1497620115009,Delta-99
1497620115009,jghankins
1497620115009,kayterra
1497620115009,saikun
1497620115009,changtimwu
1497620115009,jmstout
1497620115009,kochizufan
1497620115009,sriprasanna
1497620115009,pmuens
1497620115009,justingreenberg
1497620115009,kaiPushOrigin
1497620115009,Glavin001
1497620115009,bradennapier
1497620115009,yolt
1497620115009,hiddentao
1497620115009,gabrielperales
1497620115009,hyprstack
1497620115009,sofer
1497620115009,ayoungh
1497620115009,nikhilaravi
1497620115009,clarkie
1497620115009,adrianblynch
1497620115009,notenociz
1497620115009,iteles
1497620115009,jruts
1497620115009,nelsonic
