1497620215376,jerryharrison
1497620215376,setegonz
1497620215376,newswim
1497620215376,orchestration2016
1497620215376,innov8tor3
1497620215376,carloslfu
1497620215376,rafaelramalho19
1497620215376,bastilimbach
1497620215376,stivenson
1497620215376,jackmac92
1497620215376,tedmothership
1497620215376,markwilliamfirth
1497620215376,iagomelanias
1497620215376,florido
1497620215376,artbelov
1497620215376,JoseCage
1497620215376,carolrmc
1497620215376,lucascaton
1497620215376,quiet324
1497620215376,tenub
1497620215376,v-a-kernel
1497620215376,khahantk
1497620215376,sfauvart
1497620215376,secwang
1497620215376,almereyda
1497620215376,sfabriece
1497620215376,elf-pavlik
1497620215376,akbaryu
1497620215376,jorda0mega
1497620215376,futurist
1497620215376,llun
1497620215376,tormod17
1497620215376,mhaidarh
1497620215376,egladman
1497620215376,melbarch
1497620215376,angusshire
1497620215376,satnami
1497620215376,seripap
1497620215376,glennschler
1497620215376,carloscasalar
1497620215376,robotomize
1497620215376,notenociz
1497620215376,maff
1497620215376,farrisA27
1497620215376,jalcine
1497620215376,gabrielperales
1497620215376,yolt
1497620215376,JayFliz
1497620215376,AndersDJohnson
1497620215376,gregschoen
1497620215376,tunnckoCore
1497620215376,fmoliveira
1497620215376,kishorIntelligrape
1497620215376,hyprstack
1497620215376,jrmce
1497620215376,izaakrogan
1497620215376,brezal
1497620215376,adamkowalczyk
1497620215376,nodeco
1497620215376,va-task
1497620215376,aripatrick
1497620215376,iteles
1497620215376,goobeck
1497620215376,NataliaLKB
1497620215376,intool
1497620215376,edwardcodes
1497620215376,joaquimserafim
1497620215376,nelsonic
