1497620115009,jer8
1497620115009,tappan-ajmera
1497620115009,tanken
1497620115009,bcamel
1497620115009,jamesharrington
1497620115009,jerryharrison
1497620115009,gasparrobi
1497620115009,macintoshhelper
1497620115009,he11yeah
1497620115009,Niklus
1497620115009,skparallax
1497620115009,sistemaon
1497620115009,nynd
1497620115009,Kurosama
1497620115009,AerisG222
1497620115009,fescate
1497620115009,dalkir
1497620115009,wsihmh
1497620115009,niksrc
1497620115009,mattbis
1497620115009,beardfacebo
1497620115009,daorte
1497620115009,ahsansher
1497620115009,qcom
1497620115009,jwcastillo
1497620115009,simontegg
1497620115009,gusgard
1497620115009,UlisesGascon
1497620115009,ankur-gupta
1497620115009,CrCs2O4
1497620115009,robertocarroll
1497620115009,Grenoblois
1497620115009,zzhakupov
1497620115009,UgurAldanmaz
1497620115009,andrebb
1497620115009,Kuchiriel
1497620115009,coderrick
1497620115009,karinakozarova
1497620115009,rug1
1497620115009,gvsvarun
1497620115009,kaoussi
1497620115009,zugarzeeker
1497620115009,forgivethefool
1497620115009,patrickoliveras
1497620115009,Vultur
1497620115009,hari-tw
1497620115009,rhamzeh
1497620115009,kfern
1497620115009,carloslfu
1497620115009,ravshansbox
1497620115009,NE-SmallTown
1497620115009,joaovicentesouto
1497620115009,pablocarreraest
1497620115009,echeong09
1497620115009,Chiamaka
1497620115009,jaysonc17
1497620115009,limbobark
1497620115009,joffilyfe
1497620115009,calpa
1497620115009,marcoroganovic
1497620115009,papucho
1497620115009,pgom
1497620115009,BartBucknill
1497620115009,p3k
1497620115009,CoderDennis
1497620115009,nplusp
1497620115009,itscursedphil
1497620115009,Cleop
1497620115009,ryanpcmcquen
1497620115009,deadcoder0904
1497620115009,maxgerber
1497620115009,lydivetteroldan
1497620115009,thevangelist
1497620115009,jeerbl
1497620115009,spences10
1497620115009,Web-Dev-Rich
1497620115009,gogobebe2
1497620115009,eiriklv
1497620115009,alpanayotov
1497620115009,Pklong
1497620115009,keerthivasan-r
1497620115009,codejet
1497620115009,jackmac92
1497620115009,zhsso
1497620115009,yosriady
1497620115009,yenashi
1497620115009,markwilliamfirth
1497620115009,YvesMuyaBenda
1497620115009,kaushik94
1497620115009,Biffyn
1497620115009,niwolive
1497620115009,Fi3
1497620115009,thereisnowinter
1497620115009,PeterDee
1497620115009,iqbaladan
1497620115009,aprilrssmith
1497620115009,atralice
1497620115009,adasilva
1497620115009,saurabhmarpadge
1497620115009,jinjorge
1497620115009,FreakishLancer
1497620115009,jyk88
1497620115009,PopularDemand
1497620115009,newswim
1497620115009,Shirlazybrat
1497620115009,jthomasFR
1497620115009,saifdevops
1497620115009,AK4848
1497620115009,faiz121
1497620115009,GarySiu
1497620115009,devanshdalal
1497620115009,revelt
1497620115009,madeleinel
1497620115009,hectorsanchezmx
1497620115009,florido
1497620115009,mbrien12
1497620115009,ricardoorellana
1497620115009,adrian-tiberius
1497620115009,leotm
1497620115009,kevincobain2000
1497620115009,rsp
1497620115009,kuznetsovandrey76
1497620115009,SuperHaker
1497620115009,amior
1497620115009,rkrp
1497620115009,pauldariye
1497620115009,yurm04
1497620115009,GSoster
1497620115009,anweshknayak
1497620115009,DavidBM
1497620115009,ritsute
1497620115009,jatindhankhar
1497620115009,carolrmc
1497620115009,jabedhasan21
1497620115009,vyorkin
1497620115009,perborgen
1497620115009,rchovatiya88
1497620115009,Cesarlachapelle
1497620115009,AnnekaSillitoe
1497620115009,cnak
1497620115009,nodexo
1497620115009,pinglinh
1497620115009,megantaylor
1497620115009,sunnypatel165
1497620115009,calebsylvest
1497620115009,groteworld
1497620115009,quiet324
1497620115009,gabrielPeart
1497620115009,bjornlarus
1497620115009,v-a-kernel
1497620115009,marcoturi
1497620115009,mk4111
1497620115009,divayprakash
1497620115009,88ee55
1497620115009,ionphractal
1497620115009,peterjenkins
1497620115009,onlurking
1497620115009,mitchellporter
1497620115009,herecomesjaycee
1497620115009,JoseCage
1497620115009,connor11528
1497620115009,devdlabs
1497620115009,eosimosu
1497620115009,jpwiddy
1497620115009,1c7
1497620115009,marion-lv
1497620115009,bpstein
1497620115009,valterlima
1497620115009,ashikul
1497620115009,amtruenorth
1497620115009,thalef
1497620115009,dfalbel
1497620115009,mrprompt
1497620115009,jmmendivil
1497620115009,felikjunvianto
1497620115009,pedrro
1497620115009,SZ67
1497620115009,LasaleFamine
1497620115009,zack9433
1497620115009,chackomathew
1497620115009,douglascorrea
1497620115009,deerawan
1497620115009,mhaidarh
1497620115009,raunaqrox
1497620115009,paulstefanday
1497620115009,kirillDanshin
1497620115009,barinali
1497620115009,Viltaria
1497620115009,jaels
1497620115009,MarckK
1497620115009,heatherlauren
1497620115009,sofiapoh
1497620115009,nogainbar
1497620115009,stevelaskaridis
1497620115009,spacegiant
1497620115009,rakeen
1497620115009,chris-alexander
1497620115009,artitudinale1
1497620115009,Phonbopit
1497620115009,limdauto
1497620115009,oliveirafabio
1497620115009,preco21
1497620115009,jhlink
1497620115009,cmmartin
1497620115009,pscott-au
1497620115009,rnella01
1497620115009,hzlmn
1497620115009,AnnaBlackwell
1497620115009,gAdrev
1497620115009,agile6v
1497620115009,HammyHavoc
1497620115009,traducer
1497620115009,notenociz
1497620115009,SaishRedkar
1497620115009,raonav
1497620115009,Kablex
1497620115009,MrOutis
1497620115009,sofer
1497620115009,jenlouie
1497620115009,pkafei
1497620115009,sjnorth
1497620115009,stanzheng
1497620115009,jorda0mega
1497620115009,lrezende
1497620115009,camillacolser
1497620115009,fibo
1497620115009,noogen
1497620115009,futurist
1497620115009,varunvairavan
1497620115009,daymos
1497620115009,deepalma
1497620115009,JuanCrg90
1497620115009,mjsisley
1497620115009,brianwdunlap
1497620115009,cengizdilber
1497620115009,MofeLee
1497620115009,taiansu
1497620115009,rajdeep1008
1497620115009,livfwd
1497620115009,saurabhariyan
1497620115009,wildcard
1497620115009,moun3imy
1497620115009,melbarch
1497620115009,davidenq
1497620115009,mugli
1497620115009,MunGell
1497620115009,Charlotteis
1497620115009,zone-live
1497620115009,vdeturckheim
1497620115009,Shipow
1497620115009,vinicius0026
1497620115009,Nalinc
1497620115009,angusshire
1497620115009,satnami
1497620115009,roryrjb
1497620115009,dochang
1497620115009,iamfelipemattos
1497620115009,AlejoJamC
1497620115009,belloli
1497620115009,frbk
1497620115009,nschlemm
1497620115009,jimmynames
1497620115009,robotomize
1497620115009,jackcarlisle
1497620115009,pcalves
1497620115009,jalcine
1497620115009,oluoluoxenfree
1497620115009,claudioquaglia
1497620115009,sericaia
1497620115009,da-vaibhav
1497620115009,johnbrett
1497620115009,ayoungh
1497620115009,PetrKohut
1497620115009,gabrielperales
1497620115009,yolt
1497620115009,efidiles
1497620115009,Contraculto
1497620115009,export-mike
1497620115009,404pnf
1497620115009,tunnckoCore
1497620115009,fmoliveira
1497620115009,kishorIntelligrape
1497620115009,mirandapaquet
1497620115009,NataliaLKB
1497620115009,SimonLab
1497620115009,nodeco
1497620115009,va-task
1497620115009,iteles
1497620115009,edwardcodes
1497620115009,hyprstack
