1497620215376,coaxial
1497620215376,InSuperposition
1497620215376,ksiegel
1497620215376,oemdaro
1497620215376,jackmac92
1497620215376,zugarzeeker
1497620215376,markwilliamfirth
1497620215376,dbachrach
1497620215376,innyso
1497620215376,pywebdesign
1497620215376,joropeza
1497620215376,marwanhilmi
1497620215376,paulstefanday
1497620215376,matthewmueller
1497620215376,MarckK
1497620215376,addisonlee
1497620215376,moimikey
1497620215376,dimiro1
1497620215376,pillowsoft
1497620215376,alfonsodev
1497620215376,uehondor
1497620215376,victor-ferrer
1497620215376,mattliving
1497620215376,jmonterrubio
1497620215376,dortegau
1497620215376,RachBLondon
1497620215376,MarkHerhold
1497620215376,philbooth
1497620215376,wildlyinaccurate
1497620215376,thii
1497620215376,YaaL
1497620215376,iteles
1497620215376,edwardcodes
1497620215376,yolt
1497620215376,markstos
1497620215376,hyprstack
1497620215376,jrub
1497620215376,nikhilaravi
1497620215376,brandonb927
1497620215376,irahulsingh
1497620215376,lilutanya
1497620215376,nelsonic
1497620215376,numo-labs-ci
