1497620215376,jinzhou
1497620215376,eriteric
1497620215376,vhula
1497620215376,dector
1497620215376,markwilliamfirth
1497620215376,RipleyLudicrous1979
1497620215376,btzr-io
1497620215376,mhaidarh
1497620215376,p3k
1497620215376,cognitom
1497620215376,quiet324
1497620215376,daymos
1497620215376,vrehm
1497620215376,JoseCage
1497620215376,shouston3
1497620215376,spiritlibrary
1497620215376,nogainbar
1497620215376,tgirotto
1497620215376,countable
1497620215376,hilarryxu
1497620215376,pajtai
1497620215376,luoyjx
1497620215376,zofe
1497620215376,GianlucaGuarini
1497620215376,yolt
1497620215376,zcei
1497620215376,gabrielperales
1497620215376,edwardcodes
1497620215376,nikhilaravi
1497620215376,tunnckoCore
1497620215376,muntasirsyed
1497620215376,iteles
1497620215376,nelsonic
1497620215376,msmichellegar
