1497620215376,springuper
1497620215376,nerdymax
1497620215376,seaunseen
1497620215376,makst
1497620215376,sgrant613
1497620215376,Didericis
1497620215376,kaustubhhiware
1497620215376,mubaidr
1497620215376,chenhengjie123
1497620215376,mariddew
1497620215376,manishmalik
1497620215376,shupan123
1497620215376,josealmeida
1497620215376,lekosfmi
1497620215376,mikepenzin
1497620215376,noahehall
1497620215376,xshua06
1497620215376,Samatar26
1497620215376,jancodes
1497620215376,ivernaloo
1497620215376,emonteco
1497620215376,adriancbo
1497620215376,RAJESHW
1497620215376,UgurAldanmaz
1497620215376,pgilad
1497620215376,Sean-Lan
1497620215376,dylanlott
1497620215376,leopaglia
1497620215376,msachi
1497620215376,noscripter
1497620215376,jwineman
1497620215376,khaosdoctor
1497620215376,ravshansbox
1497620215376,darlanmendonca
1497620215376,leonardosouza
1497620215376,maxnathaniel
1497620215376,seanpoulter
1497620215376,hperantunes
1497620215376,DevinXian
1497620215376,swissonid
1497620215376,joeylouise
1497620215376,stevenov7
1497620215376,yvonne-liu
1497620215376,ManadayM
1497620215376,osmelmora
1497620215376,bbohen
1497620215376,nodox
1497620215376,markwilliamfirth
1497620215376,kirkstrobeck
1497620215376,pito-svk
1497620215376,mbeauchamp7
1497620215376,simplyspoke
1497620215376,amitguptagwl
1497620215376,sarahsga
1497620215376,tokyoincode
1497620215376,adamyarger
1497620215376,byjord
1497620215376,warapitiya
1497620215376,JoseCage
1497620215376,BiteBit
1497620215376,iagomelanias
1497620215376,ahmed1490
1497620215376,alexisab
1497620215376,chieakiba
1497620215376,coderingo
1497620215376,ojassvi
1497620215376,bulldog478
1497620215376,hazolsky
1497620215376,indatawetrust
1497620215376,geoyws
1497620215376,roppa
1497620215376,LBYPatrick
1497620215376,josephschmitt
1497620215376,nickccm1122
1497620215376,tusharkathuria
1497620215376,Amri91
1497620215376,evisong
1497620215376,yhor1e
1497620215376,jsms90
1497620215376,zugarzeeker
1497620215376,ochanje210
1497620215376,zhenyulin
1497620215376,quiet324
1497620215376,denar90
1497620215376,deadcoder0904
1497620215376,ellerbrock
1497620215376,mpfeil
1497620215376,hfpmartins
1497620215376,gustavo-freitas
1497620215376,marcoturi
1497620215376,lior-a
1497620215376,chriskalmar
1497620215376,amitrai99
1497620215376,madili
1497620215376,haoranw
1497620215376,rafaelrozon
1497620215376,kirnovak
1497620215376,phanhoangloc
1497620215376,doganozturk
1497620215376,b0nez
1497620215376,berkandirim
1497620215376,cgalvarez
1497620215376,DeepakVasalamarri
1497620215376,hugoeanogueira
1497620215376,linsang90
1497620215376,aether7
1497620215376,ashikul
1497620215376,santiperez
1497620215376,dialex
1497620215376,059xiaosongshu
1497620215376,siirila
1497620215376,lewisje
1497620215376,welll
1497620215376,mrprompt
1497620215376,haskellcamargo
1497620215376,SAudelOG
1497620215376,Alex-Swann
1497620215376,xianjimli
1497620215376,g3k0
1497620215376,rafalradomski
1497620215376,CYBAI
1497620215376,wei0831
1497620215376,fernandosg
1497620215376,chrisblum
1497620215376,eiriklv
1497620215376,jacky-jiang
1497620215376,yustnip
1497620215376,NexZhu
1497620215376,khwilo
1497620215376,ethanrubio
1497620215376,da-vaibhav
1497620215376,codeapps
1497620215376,pedrro
1497620215376,leoalmig
1497620215376,silentzone
1497620215376,fullcrimp
1497620215376,jiramot
1497620215376,jjanssen
1497620215376,vieron
1497620215376,RichardIvan
1497620215376,jameskolce
1497620215376,casoetan
1497620215376,FullStackForger
1497620215376,aredo
1497620215376,akbaryu
1497620215376,yolt
1497620215376,ggregoire
1497620215376,belloli
1497620215376,cstipkovic
1497620215376,nodeco
1497620215376,mhaidarh
1497620215376,alvin-milton
1497620215376,gabrielalmeida
1497620215376,heron2014
1497620215376,hzlmn
1497620215376,iteles
1497620215376,iyn
1497620215376,dbautistav
1497620215376,petrbrzek
1497620215376,elamperti
1497620215376,fmoliveira
1497620215376,jiangplus
1497620215376,javy-liu
1497620215376,ngub
1497620215376,yoshimaa
1497620215376,malinkang
1497620215376,feit
1497620215376,ruanyf
1497620215376,edwardcodes
1497620215376,llaraujo
1497620215376,PetrKohut
1497620215376,pauleustice
1497620215376,ozlerhakan
1497620215376,Jivanvl
1497620215376,gregaubs
1497620215376,irobayna
1497620215376,thoerchen
1497620215376,capaj
1497620215376,schlos
1497620215376,coolxeo
1497620215376,tofuninjah
1497620215376,KrishnaSwathi
1497620215376,escalant3
1497620215376,nelsonic
