1497620215376,upa8
1497620215376,Ectsang
1497620215376,rquast
1497620215376,vitorbritto
1497620215376,markwilliamfirth
1497620215376,chieakiba
1497620215376,JoseCage
1497620215376,quiet324
1497620215376,mhaidarh
1497620215376,khahantk
1497620215376,pkaske
1497620215376,nogainbar
1497620215376,mk4111
1497620215376,neostoic
1497620215376,nikhilaravi
1497620215376,pkunico
1497620215376,vmysla
1497620215376,des-des
1497620215376,Fatxx
1497620215376,jinjorge
1497620215376,justingreenberg
1497620215376,angusshire
1497620215376,heron2014
1497620215376,chanced
1497620215376,aredo
1497620215376,yolt
1497620215376,tunnckoCore
1497620215376,fmoliveira
1497620215376,Jaraxal
1497620215376,Neats29
1497620215376,cuongvo
1497620215376,kwcto
1497620215376,nodeco
1497620215376,hellboy81
1497620215376,gregaubs
1497620215376,krosti
1497620215376,iteles
1497620215376,edwardcodes
1497620215376,intool
1497620215376,capaj
1497620215376,nelsonic
