1497620215376,grey-hub
1497620215376,podviaznikov
1497620215376,mswanson
1497620215376,findyourmagic
1497620215376,pavelleiman
1497620215376,vansosnin
1497620215376,iameli
1497620215376,iagomelanias
1497620215376,oemdaro
1497620215376,dogrocker
1497620215376,markwilliamfirth
1497620215376,quiet324
1497620215376,Kurosama
1497620215376,deadcoder0904
1497620215376,iteles
1497620215376,v12
1497620215376,blainsmith
1497620215376,STEVEOO6
1497620215376,khahantk
1497620215376,goncaloneves
1497620215376,rodrigosdo
1497620215376,vaiRk
1497620215376,TylerK
1497620215376,akileez
1497620215376,yolt
1497620215376,sofer
1497620215376,bash
1497620215376,mariangibala
1497620215376,steffenmllr
1497620215376,nodeco
1497620215376,va-task
1497620215376,edwardcodes
1497620215376,nelsonic
