1497620215376,matheusjoao
1497620215376,markwilliamfirth
1497620215376,JoseCage
1497620215376,carriercomm
1497620215376,akbaryu
1497620215376,yolt
1497620215376,mhaidarh
1497620215376,mk4111
1497620215376,kevincobain2000
1497620215376,thegsi
1497620215376,gamontalvo
1497620215376,macalinao
1497620215376,jalcine
1497620215376,sohilpandya
1497620215376,des-des
1497620215376,iteles
1497620215376,Jbarget
1497620215376,naazy
1497620215376,tormod17
1497620215376,heron2014
1497620215376,SimonLab
1497620215376,gabrielperales
1497620215376,notenociz
1497620215376,nodeco
1497620215376,msmichellegar
1497620215376,fmoliveira
1497620215376,tunnckoCore
1497620215376,nelsonic
1497620215376,edwardcodes
1497620215376,st44100
1497620215376,carlditzler
