1497620115009,atmin
1497620115009,roll
1497620115009,idkjs
1497620115009,ooloth
1497620115009,carloscasalar
1497620115009,smarthutza
1497620115009,bo-bok
1497620115009,nynd
1497620115009,kcparashar
1497620115009,danieldc
1497620115009,alejandronanez
1497620115009,Nubuck
1497620115009,jackcarlisle
1497620115009,hyprstack
1497620115009,pankajpatel
1497620115009,joshpitzalis
1497620115009,jsartisan
1497620115009,hsribei
1497620115009,JoseCage
1497620115009,justgage
1497620115009,peterbrinck
1497620115009,harrygfox
1497620115009,Sun-Wukong
1497620115009,jalcine
1497620115009,Danwhy
1497620115009,samnnodim
1497620115009,tylernford
1497620115009,skibinska
1497620115009,hrishimittal
1497620115009,cbenz
1497620115009,YvesMuyaBenda
1497620115009,rub1e
1497620115009,markwilliamfirth
1497620115009,three60five
1497620115009,katbow
1497620115009,sofiapoh
1497620115009,ronanyeah
1497620115009,deadcoder0904
1497620115009,gabrielperales
1497620115009,yolt
1497620115009,edwardcodes
1497620115009,des-des
1497620115009,andrewMacmurray
1497620115009,sofer
1497620115009,mhaidarh
1497620115009,iteles
1497620115009,enociz
1497620115009,nelsonic
