1497620115009,tanken
1497620115009,poying
1497620115009,arindam89
1497620115009,xchehub
1497620115009,alfonsoperez
1497620115009,funkfinger
1497620115009,kbariotis
1497620115009,drudge
1497620115009,hoegertn
1497620115009,jboulouloubi
1497620115009,allanbian1017
1497620115009,jamesleejiacheng
1497620115009,alexcasalboni
1497620115009,abetomo
1497620115009,zambon
1497620115009,ZECTBynmo
1497620115009,ptadych
1497620115009,dmreiland
1497620115009,bdronneau
1497620115009,AlexanderFillbrunn
1497620115009,drjasonharrison
1497620115009,boazdejong
1497620115009,holyzfy
1497620115009,jk21
1497620115009,yosriady
1497620115009,markwilliamfirth
1497620115009,gbuesing
1497620115009,vhadianto
1497620115009,MatheusVellone
1497620115009,SamuelBolduc
1497620115009,yuhwan
1497620115009,ngocketit
1497620115009,EnriqueCanals
1497620115009,Starefossen
1497620115009,kwkhaw
1497620115009,jaymell
1497620115009,bchociej
1497620115009,aaronbruckner
1497620115009,4iar
1497620115009,mbennett
1497620115009,hectorleiva
1497620115009,harrisonhjones
1497620115009,sjmcgrath
1497620115009,dkimura
1497620115009,manojlds
1497620115009,dhvogel
1497620115009,leonhartX
1497620115009,RachBLondon
1497620115009,jaredreich
1497620115009,mauriciominella
1497620115009,chadbean
1497620115009,skwak
1497620115009,slatunje
1497620115009,nakamurakengo
1497620115009,kayterra
1497620115009,plbrault
1497620115009,pushred
1497620115009,clarkie
1497620115009,austinkelleher
1497620115009,evan108108
1497620115009,hassankhan
1497620115009,svnlto
1497620115009,jakepruitt
1497620115009,scottwrobinson
1497620115009,cedric25
1497620115009,joelpurra
1497620115009,rebolyte
1497620115009,hairyhenderson
1497620115009,kiramishima
1497620115009,Carlangueitor
1497620115009,paulstefanday
1497620115009,peterabarry
1497620115009,zolaemil
1497620115009,knakayama
1497620115009,imura81gt
1497620115009,horike37
1497620115009,rodowi
1497620115009,chiefy
1497620115009,limdauto
1497620115009,pwalvarado
1497620115009,duaraghav8
1497620115009,ychua
1497620115009,pillowsoft
1497620115009,gfogle
1497620115009,extraordinaire
1497620115009,evocateur
1497620115009,CohereAdmin
1497620115009,rowanu
1497620115009,orangewise
1497620115009,iteles
1497620115009,slimfancy
1497620115009,jonascheng
1497620115009,rschweda
1497620115009,czerasz
1497620115009,dmbettinger
1497620115009,nathanbrock
1497620115009,mkjois
1497620115009,juhamust
1497620115009,lilutanya
1497620115009,boyarskiy
1497620115009,usbsnowcrash
1497620115009,jruts
1497620215376,nodeco
1497620215376,irahulsingh
1497620215376,edwardcodes
1497620215376,yolt
1497620215376,jackcarlisle
1497620215376,nikhilaravi
1497620215376,nelsonic
