1497620215376,duycuong87vn
1497620215376,ronenhamias
1497620215376,markwilliamfirth
1497620215376,Y-LyN-10
1497620215376,denji
1497620215376,justinyanme
1497620215376,quiet324
1497620215376,gusgard
1497620215376,vattytrivedi
1497620215376,cbebry
1497620215376,nrotta
1497620215376,akbaryu
1497620215376,nodeco
1497620215376,j0shua
1497620215376,iteles
1497620215376,mhaidarh
1497620215376,danielsef
1497620215376,tchap
1497620215376,sofer
1497620215376,tormod17
1497620215376,naazy
1497620215376,yolt
1497620215376,edwardcodes
1497620215376,da-vaibhav
1497620215376,SimonLab
1497620215376,nelsonic
